Ripper Arm Roll [deg],Ripper Arm Pitch [deg],Ripper Arm Yaw [deg],Ripper Roll [deg],Ripper Pitch [deg],Ripper Yaw [deg],ESP32 Roll [deg],ESP32 Pitch [deg],ESP32 Yaw [deg],Time [H:M:S:MS]
4.37,46.81,0,-7.25,106.69,0,2.75,-1.94,0,05:19:46:922.618
4.37,46.81,0,-7.25,106.69,0,2.75,-1.94,0,05:19:47:14.605
4.37,46.81,0,-7.25,106.69,0,2.75,-1.94,0,05:19:47:131.519
4.37,46.81,0,-7.25,106.69,0,2.75,-1.94,0,05:19:47:219.627
4.37,46.81,0,-7.25,106.69,0,2.75,-1.94,0,05:19:47:307.419
4.37,46.81,0,-7.25,106.69,0,2.75,-1.94,0,05:19:47:415.943
4.37,46.81,0,-7.25,106.69,0,2.75,-1.94,0,05:19:47:527.378
4.37,46.81,0,-7.25,106.69,0,2.75,-1.94,0,05:19:47:615.425
4.37,46.81,0,-7.25,106.69,0,2.75,-1.94,0,05:19:47:715.182
4.37,46.81,0,-7.25,106.69,0,2.75,-1.94,0,05:19:47:817.315
4.37,46.81,0,-7.25,106.69,0,2.75,-1.94,0,05:19:47:913.8
4.37,46.81,0,-7.25,106.69,0,2.75,-1.94,0,05:19:48:15.063
4.37,46.81,0,-7.25,106.69,0,2.75,-1.94,0,05:19:48:125.887
4.37,46.81,0,-7.25,106.69,0,2.75,-1.94,0,05:19:48:225.842
4.37,46.81,0,-7.25,106.69,0,2.75,-1.94,0,05:19:48:342.703
4.37,46.81,0,-7.25,106.69,0,2.75,-1.94,0,05:19:48:463.808
4.37,46.81,0,-7.25,106.69,0,2.75,-1.94,0,05:19:48:562.698
4.37,46.81,0,-7.25,106.69,0,2.75,-1.94,0,05:19:48:673.303
4.37,46.81,0,-7.25,106.69,0,2.75,-1.94,0,05:19:48:773.524
4.37,46.81,0,-7.25,106.69,0,2.75,-1.94,0,05:19:48:866.466
4.37,46.81,0,-7.25,106.69,0,2.75,-1.94,0,05:19:48:963.332
4.37,46.81,0,-7.25,106.69,0,2.75,-1.94,0,05:19:49:66.648
4.37,46.81,0,-7.25,106.69,0,2.75,-1.94,0,05:19:49:168.628
4.37,46.81,0,-7.25,106.69,0,2.75,-1.94,0,05:19:49:279.391
4.37,46.81,0,-7.25,106.69,0,2.75,-1.94,0,05:19:49:362.18
4.37,46.81,0,-7.25,106.69,0,2.75,-1.94,0,05:19:49:470.73
4.37,46.81,0,-7.25,106.69,0,2.75,-1.94,0,05:19:49:563.547
4.37,46.81,0,-7.25,106.69,0,2.75,-1.94,0,05:19:49:674.683
4.37,46.81,0,-7.25,106.69,0,2.75,-1.94,0,05:19:49:764.568
4.37,46.81,0,-7.25,106.69,0,2.75,-1.94,0,05:19:49:873.981
4.37,46.81,0,-7.25,106.69,0,2.69,-1.94,0,05:19:49:964.175
4.37,46.81,0,-7.25,106.69,0,2.69,-1.94,0,05:19:50:63.088
4.37,46.81,0,-7.25,106.69,0,2.69,-1.94,0,05:19:50:208.171
4.37,46.81,0,-7.25,106.69,0,2.69,-1.94,0,05:19:50:297.834
4.37,46.81,0,-7.25,106.69,0,2.69,-1.94,0,05:19:50:414.935
4.37,46.81,0,-7.25,106.69,0,2.69,-1.94,0,05:19:50:516.818
4.37,46.81,0,-7.25,106.69,0,2.69,-1.94,0,05:19:50:625.206
4.37,46.81,0,-7.25,106.69,0,2.69,-1.94,0,05:19:50:715.855
4.37,46.81,0,-7.25,106.69,0,2.69,-1.94,0,05:19:50:817.947
4.37,46.81,0,-7.25,106.69,0,2.75,-1.94,0,05:19:50:908.043
4.37,46.81,0,-7.25,106.69,0,2.75,-1.94,0,05:19:51:16.327
4.37,46.81,0,-7.25,106.69,0,2.69,-1.94,0,05:19:51:128.542
4.37,46.81,0,-7.25,106.69,0,2.69,-1.94,0,05:19:51:232.852
4.37,46.81,0,-7.25,106.69,0,2.69,-1.94,0,05:19:51:409.03
4.37,46.81,0,-7.25,106.69,0,2.69,-1.94,0,05:19:51:526.716
4.37,46.81,0,-7.25,106.69,0,2.69,-1.94,0,05:19:51:617.899
4.37,46.81,0,-7.25,106.69,0,2.69,-1.94,0,05:19:51:726.794
4.37,46.81,0,-7.25,106.69,0,2.69,-1.94,0,05:19:51:810.184
4.37,46.81,0,-7.25,106.69,0,2.69,-1.94,0,05:19:51:918.407
4.37,46.81,0,-7.25,106.69,0,2.69,-1.94,0,05:19:52:15.336
4.37,46.81,0,-7.25,106.69,0,2.69,-1.94,0,05:19:52:112.949
4.37,46.81,0,-7.25,106.69,0,2.69,-1.94,0,05:19:52:247.381
4.37,46.81,0,-7.25,106.69,0,2.69,-1.94,0,05:19:52:454.399
4.37,46.81,0,-7.25,106.69,0,2.69,-1.94,0,05:19:52:566.021
4.37,46.81,0,-7.25,106.69,0,2.69,-1.94,0,05:19:52:666.007
4.37,46.81,0,-7.25,106.69,0,2.69,-1.94,0,05:19:52:771.236
4.37,46.81,0,-7.25,106.69,0,2.62,-1.94,0,05:19:52:882.84
4.37,46.81,0,-7.25,106.69,0,2.62,-1.94,0,05:19:52:962.677
4.37,46.81,0,-7.25,106.69,0,2.62,-1.94,0,05:19:53:73.406
4.37,46.81,0,-7.25,106.69,0,2.62,-1.94,0,05:19:53:170.402
4.37,46.81,0,-7.25,106.69,0,2.62,-1.94,0,05:19:53:313.124
4.37,46.81,0,-7.25,106.69,0,2.62,-1.94,0,05:19:53:462.936
4.37,46.81,0,-7.25,106.69,0,2.62,-1.94,0,05:19:53:599.324
4.37,46.81,0,-7.25,106.69,0,2.62,-1.94,0,05:19:53:750.385
4.37,46.81,0,-7.25,106.69,0,2.62,-1.94,0,05:19:53:815.931
4.37,46.81,0,-7.25,106.69,0,2.62,-1.94,0,05:19:53:938.74
4.37,46.81,0,-7.25,106.69,0,2.62,-1.94,0,05:19:54:16.421
4.37,46.81,0,-7.25,106.69,0,2.62,-1.94,0,05:19:54:122.914
4.37,46.81,0,-7.25,106.69,0,2.62,-1.94,0,05:19:54:220.443
4.37,46.81,0,-7.25,106.69,0,2.62,-1.94,0,05:19:54:345.738
4.37,46.81,0,-7.25,106.69,0,2.62,-1.94,0,05:19:54:482.649
4.37,46.81,0,-7.25,106.69,0,2.62,-1.94,0,05:19:54:582.966
4.37,46.81,0,-7.25,106.69,0,2.62,-1.94,0,05:19:54:662.282
4.37,46.81,0,-7.25,106.69,0,2.62,-1.94,0,05:19:54:762.151
4.37,46.81,0,-7.25,106.69,0,2.62,-1.94,0,05:19:54:872.993
4.37,46.81,0,-7.25,106.69,0,2.62,-1.94,0,05:19:54:968.819
4.37,46.81,0,-7.25,106.69,0,2.62,-1.94,0,05:19:55:62.194
4.37,46.81,0,-7.25,106.69,0,2.62,-1.94,0,05:19:55:163.472
4.37,46.81,0,-7.25,106.69,0,2.62,-1.94,0,05:19:55:271.009
4.37,46.81,0,-7.25,106.69,0,2.62,-1.94,0,05:19:55:385.401
4.37,46.81,0,-7.25,106.69,0,2.62,-1.94,0,05:19:55:478.118
4.37,46.81,0,-7.25,106.69,0,2.62,-1.94,0,05:19:55:572.283
4.37,46.81,0,-7.25,106.69,0,2.62,-1.87,0,05:19:55:667.255
4.37,46.81,0,-7.25,106.69,0,2.62,-1.87,0,05:19:55:778.636
4.37,46.81,0,-7.25,106.69,0,2.62,-1.87,0,05:19:55:867.336
4.37,46.81,0,-7.25,106.69,0,2.62,-1.87,0,05:19:55:965.549
4.37,46.81,0,-7.25,106.69,0,2.62,-1.87,0,05:19:56:72.653
4.37,46.81,0,-7.25,106.69,0,2.62,-1.87,0,05:19:56:184.966
4.37,46.81,0,-7.25,106.69,0,2.62,-1.87,0,05:19:56:267.286
4.37,46.81,0,-7.25,106.69,0,2.62,-1.87,0,05:19:56:389.296
4.37,46.81,0,-7.25,106.69,0,2.62,-1.87,0,05:19:56:537.172
4.37,46.81,0,-7.25,106.69,0,2.62,-1.87,0,05:19:56:647.962
4.37,46.81,0,-7.25,106.69,0,2.62,-1.87,0,05:19:56:762.469
4.37,46.81,0,-7.25,106.69,0,2.62,-1.87,0,05:19:56:871.64
4.37,46.81,0,-7.25,106.69,0,2.62,-1.87,0,05:19:56:972.799
4.37,46.81,0,-7.25,106.69,0,2.62,-1.87,0,05:19:57:66.452
4.37,46.81,0,-7.25,106.69,0,2.62,-1.87,0,05:19:57:162.486
4.37,46.81,0,-7.25,106.69,0,2.62,-1.87,0,05:19:57:286.681
4.37,46.81,0,-7.25,106.69,0,2.62,-1.87,0,05:19:57:365.047
4.37,46.81,0,-7.25,106.69,0,2.62,-1.87,0,05:19:57:493.318
4.37,46.81,0,-7.25,106.69,0,2.62,-1.87,0,05:19:57:652.859
4.37,46.81,0,-7.25,106.69,0,2.62,-1.87,0,05:19:57:764.858
4.37,46.81,0,-7.25,106.69,0,2.62,-1.87,0,05:19:57:888.917
4.37,46.81,0,-7.25,106.69,0,2.62,-1.87,0,05:19:57:963.325
4.37,46.81,0,-7.25,106.69,0,2.62,-1.87,0,05:19:58:70.655
4.37,46.81,0,-7.25,106.69,0,2.62,-1.87,0,05:19:58:161.111
4.37,46.81,0,-7.25,106.69,0,2.62,-1.87,0,05:19:58:284.65
4.37,46.81,0,-7.25,106.69,0,2.62,-1.87,0,05:19:58:410.668
4.37,46.81,0,-7.25,106.69,0,2.62,-1.87,0,05:19:58:516.632
4.37,46.81,0,-7.25,106.69,0,2.62,-1.87,0,05:19:58:628.784
4.37,46.81,0,-7.25,106.69,0,2.62,-1.87,0,05:19:58:718.386
4.37,46.81,0,-7.25,106.69,0,2.62,-1.87,0,05:19:58:819.159
4.37,46.81,0,-7.25,106.69,0,2.69,-1.87,0,05:19:58:917.286
4.37,46.81,0,-7.25,106.69,0,2.69,-1.87,0,05:19:59:24.828
4.37,46.81,0,-7.25,106.69,0,2.69,-1.87,0,05:19:59:124.796
4.37,46.81,0,-7.25,106.69,0,2.69,-1.87,0,05:19:59:227.818
4.37,46.81,0,-7.25,106.69,0,2.69,-1.87,0,05:19:59:352.969
4.37,46.81,0,-7.25,106.69,0,2.69,-1.87,0,05:19:59:446.126
4.37,46.81,0,-7.25,106.69,0,2.69,-1.87,0,05:19:59:516.933
4.37,46.81,0,-7.25,106.69,0,2.69,-1.87,0,05:19:59:616.377
4.37,46.81,0,-7.25,106.69,0,2.69,-1.87,0,05:19:59:730.325
4.37,46.81,0,-7.25,106.69,0,2.75,-1.87,0,05:19:59:817.371
4.37,46.81,0,-7.25,106.69,0,2.75,-1.87,0,05:19:59:912.042
4.37,46.81,0,-7.25,106.69,0,2.75,-1.87,0,05:20:00:19.704
4.37,46.81,0,-7.25,106.69,0,2.75,-1.81,0,05:20:00:113.583
4.37,46.81,0,-7.25,106.69,0,2.81,-1.81,0,05:20:00:238.224
4.37,46.81,0,-7.25,106.69,0,2.75,-1.81,0,05:20:00:378.121
4.37,46.81,0,-7.25,106.69,0,2.75,-1.81,0,05:20:00:473.364
4.37,46.81,0,-7.25,106.69,0,2.75,-1.81,0,05:20:00:583.516
4.37,46.81,0,-7.25,106.69,0,2.81,-1.81,0,05:20:00:667.949
4.37,46.81,0,-7.25,106.69,0,2.81,-1.81,0,05:20:00:760.575
4.37,46.81,0,-7.25,106.69,0,2.81,-1.81,0,05:20:00:866.046
4.37,46.81,0,-7.25,106.69,0,2.81,-1.81,0,05:20:00:968.848
4.37,46.81,0,-7.25,106.69,0,2.81,-1.81,0,05:20:01:109.022
4.37,46.81,0,-7.25,106.69,0,2.81,-1.81,0,05:20:01:162.334
4.37,46.81,0,-7.25,106.69,0,2.81,-1.81,0,05:20:01:280.765
4.37,46.81,0,-7.25,106.69,0,2.81,-1.75,0,05:20:01:365.671
4.37,46.81,0,-7.25,106.69,0,2.87,-1.75,0,05:20:01:497.522
4.37,46.81,0,-7.25,106.69,0,2.87,-1.75,0,05:20:01:572.135
4.37,46.81,0,-7.25,106.69,0,2.87,-1.75,0,05:20:01:661.299
4.37,46.81,0,-7.25,106.69,0,2.87,-1.75,0,05:20:01:766.359
4.37,46.81,0,-7.25,106.69,0,2.87,-1.75,0,05:20:01:872.205
4.37,46.81,0,-7.25,106.69,0,2.94,-1.75,0,05:20:01:969.769
4.37,46.81,0,-7.25,106.69,0,2.94,-1.75,0,05:20:02:67.309
4.37,46.81,0,-7.25,106.69,0,3,-1.75,0,05:20:02:169.771
4.37,46.81,0,-7.25,106.69,0,2.94,-1.75,0,05:20:02:298.704
4.37,46.81,0,-7.25,106.69,0,2.94,-1.75,0,05:20:02:426.49
4.37,46.81,0,-7.25,106.69,0,2.94,-1.75,0,05:20:02:526.824
4.37,46.81,0,-7.25,106.69,0,2.94,-1.75,0,05:20:02:614.097
4.37,46.81,0,-7.25,106.69,0,3,-1.75,0,05:20:02:716.158
4.37,46.81,0,-7.25,106.69,0,3,-1.75,0,05:20:02:854.018
4.37,46.81,0,-7.25,106.69,0,3,-1.75,0,05:20:02:913.871
4.37,46.81,0,-7.25,106.69,0,3,-1.75,0,05:20:03:14.63
4.37,46.81,0,-7.25,106.69,0,3,-1.75,0,05:20:03:116.1
4.37,46.81,0,-7.25,106.69,0,3,-1.75,0,05:20:03:225.881
4.37,46.81,0,-7.25,106.69,0,3,-1.75,0,05:20:03:330.085
4.37,46.81,0,-7.25,106.69,0,3,-1.75,0,05:20:03:425.506
4.37,46.81,0,-7.25,106.69,0,3,-1.75,0,05:20:03:523.903
4.37,46.81,0,-7.25,106.69,0,3,-1.75,0,05:20:03:620.701
4.37,46.81,0,-7.25,106.69,0,3,-1.75,0,05:20:03:921.296
4.37,46.81,0,-7.25,106.69,0,3,-1.75,0,05:20:03:973.164
4.37,46.81,0,-7.25,106.69,0,3,-1.75,0,05:20:04:47.992
4.37,46.81,0,-7.25,106.69,0,3,-1.75,0,05:20:04:124.552
4.37,46.81,0,-7.25,106.69,0,3,-1.75,0,05:20:04:221.942
4.37,46.81,0,-7.25,106.69,0,3,-1.75,0,05:20:04:326.987
4.37,46.81,0,-7.25,106.69,0,3,-1.75,0,05:20:04:421.57
4.37,46.81,0,-7.25,106.69,0,3,-1.69,0,05:20:04:533.793
4.37,46.81,0,-7.25,106.69,0,3.06,-1.69,0,05:20:04:721.866
4.37,46.81,0,-7.25,106.69,0,3.06,-1.69,0,05:20:04:817.048
4.37,46.81,0,-7.25,106.69,0,3.06,-1.69,0,05:20:04:913.633
4.37,46.81,0,-7.25,106.69,0,3.06,-1.69,0,05:20:05:36.84
4.37,46.81,0,-7.25,106.69,0,3.06,-1.69,0,05:20:05:114.632
4.37,46.81,0,-7.25,106.69,0,3.06,-1.69,0,05:20:05:233.648
4.37,46.81,0,-7.25,106.69,0,3.06,-1.69,0,05:20:05:309.822
4.37,46.81,0,-7.25,106.69,0,3.06,-1.69,0,05:20:05:418.299
4.37,46.81,0,-7.25,106.69,0,3.06,-1.69,0,05:20:05:526.051
4.37,46.81,0,-7.25,106.69,0,3.06,-1.69,0,05:20:05:617.781
4.37,46.81,0,-7.25,106.69,0,3.06,-1.69,0,05:20:05:718.576
4.37,46.81,0,-7.25,106.69,0,3.06,-1.69,0,05:20:05:825.129
4.37,46.81,0,-7.25,106.69,0,3.06,-1.69,0,05:20:05:949.302
4.37,46.81,0,-7.25,106.69,0,3.06,-1.75,0,05:20:06:78.406
4.37,46.81,0,-7.25,106.69,0,3.06,-1.75,0,05:20:06:170.592
4.37,46.81,0,-7.25,106.69,0,3.06,-1.69,0,05:20:06:306.4
4.37,46.81,0,-7.25,106.69,0,3.06,-1.69,0,05:20:06:420.422
4.37,46.81,0,-7.25,106.69,0,3,-1.75,0,05:20:06:524.951
4.37,46.81,0,-7.25,106.69,0,2.94,-1.75,0,05:20:06:618.166
4.37,46.81,0,-7.25,106.69,0,2.94,-1.75,0,05:20:06:761.978
4.37,46.81,0,-7.25,106.69,0,2.94,-1.75,0,05:20:06:822.113
4.37,46.81,0,-7.25,106.69,0,2.94,-1.75,0,05:20:06:922.5
4.37,46.81,0,-7.25,106.69,0,2.94,-1.81,0,05:20:07:23.663
4.37,46.81,0,-7.25,106.69,0,2.87,-1.81,0,05:20:07:119.018
4.37,46.81,0,-7.25,106.69,0,2.87,-1.81,0,05:20:07:228.588
4.37,46.81,0,-7.25,106.69,0,2.87,-1.81,0,05:20:07:319.701
4.37,46.81,0,-7.25,106.69,0,2.87,-1.81,0,05:20:07:440.153
4.37,46.81,0,-7.25,106.69,0,2.87,-1.81,0,05:20:07:516.723
4.37,46.81,0,-7.25,106.69,0,2.87,-1.81,0,05:20:07:629.98
4.37,46.81,0,-7.25,106.69,0,2.87,-1.81,0,05:20:07:717.667
4.37,46.81,0,-7.25,106.69,0,2.81,-1.81,0,05:20:07:812.393
4.37,46.81,0,-7.25,106.69,0,2.87,-1.81,0,05:20:07:922.303
4.37,46.81,0,-7.25,106.69,0,2.87,-1.81,0,05:20:08:7.758
4.37,46.81,0,-7.25,106.69,0,2.87,-1.81,0,05:20:08:117.372
4.37,46.81,0,-7.25,106.69,0,2.87,-1.81,0,05:20:08:227.811
4.37,46.81,0,-7.25,106.69,0,2.87,-1.81,0,05:20:08:325.939
4.37,46.81,0,-7.25,106.69,0,2.81,-1.81,0,05:20:08:416.827
4.37,46.81,0,-7.25,106.69,0,2.81,-1.81,0,05:20:08:535.564
4.37,46.81,0,-7.25,106.69,0,2.81,-1.81,0,05:20:08:616.845
4.37,46.81,0,-7.25,106.69,0,2.81,-1.81,0,05:20:08:727.393
4.37,46.81,0,-7.25,106.69,0,2.87,-1.81,0,05:20:08:814.427
4.37,46.81,0,-7.25,106.69,0,2.87,-1.81,0,05:20:08:917.622
4.37,46.81,0,-7.25,106.69,0,2.87,-1.81,0,05:20:09:22.422
4.37,46.81,0,-7.25,106.69,0,2.87,-1.81,0,05:20:09:143.697
4.37,46.81,0,-7.25,106.69,0,2.87,-1.81,0,05:20:09:219.581
4.37,46.81,0,-7.25,106.69,0,2.87,-1.81,0,05:20:09:328.415
4.37,46.81,0,-7.25,106.69,0,2.87,-1.81,0,05:20:09:453.479
4.37,46.81,0,-7.25,106.69,0,2.81,-1.81,0,05:20:09:570.286
4.37,46.81,0,-7.25,106.69,0,2.87,-1.81,0,05:20:09:662.803
4.37,46.81,0,-7.25,106.69,0,2.87,-1.81,0,05:20:09:769.613
4.37,46.81,0,-7.25,106.69,0,2.87,-1.81,0,05:20:09:865.403
4.37,46.81,0,-7.25,106.69,0,2.81,-1.87,0,05:20:09:971.95
4.37,46.81,0,-7.25,106.69,0,2.81,-1.87,0,05:20:10:67.815
4.37,46.81,0,-7.25,106.69,0,2.81,-1.87,0,05:20:10:168.838
4.37,46.81,0,-7.25,106.69,0,2.81,-1.87,0,05:20:10:286.119
4.37,46.81,0,-7.25,106.69,0,2.81,-1.87,0,05:20:10:412.441
4.37,46.81,0,-7.25,106.69,0,2.81,-1.87,0,05:20:10:520.751
4.37,46.81,0,-7.25,106.69,0,2.81,-1.87,0,05:20:10:621.875
4.37,46.81,0,-7.25,106.69,0,2.81,-1.87,0,05:20:10:707.433
4.37,46.81,0,-7.25,106.69,0,2.81,-1.87,0,05:20:10:822.989
4.37,46.81,0,-7.25,106.69,0,2.81,-1.87,0,05:20:10:960.409
4.37,46.81,0,-7.25,106.69,0,2.87,-1.87,0,05:20:11:90.173
4.37,46.81,0,-7.25,106.69,0,2.87,-1.87,0,05:20:11:163.997
4.37,46.81,0,-7.25,106.69,0,2.81,-1.87,0,05:20:11:275.54
4.37,46.81,0,-7.25,106.69,0,2.81,-1.87,0,05:20:11:375.929
4.37,46.81,0,-7.25,106.69,0,2.87,-1.87,0,05:20:11:480.33
4.37,46.81,0,-7.25,106.69,0,2.81,-1.87,0,05:20:11:576.339
4.37,46.81,0,-7.25,106.69,0,2.87,-1.87,0,05:20:11:661.961
4.37,46.81,0,-7.25,106.69,0,2.81,-1.87,0,05:20:11:767.382
4.37,46.81,0,-7.25,106.69,0,2.81,-1.87,0,05:20:11:891.787
4.37,46.81,0,-7.25,106.69,0,2.81,-1.81,0,05:20:11:976.48
4.37,46.81,0,-7.25,106.69,0,2.87,-1.81,0,05:20:12:78.549
4.37,46.81,0,-7.25,106.69,0,2.87,-1.81,0,05:20:12:171.416
4.37,46.81,0,-7.25,106.69,0,2.87,-1.81,0,05:20:12:294.304
4.37,46.81,0,-7.25,106.69,0,2.87,-1.81,0,05:20:12:425.515
4.37,46.81,0,-7.25,106.69,0,2.87,-1.81,0,05:20:12:531.984
4.37,46.81,0,-7.25,106.69,0,2.87,-1.81,0,05:20:12:618.822
4.37,46.81,0,-7.25,106.69,0,2.87,-1.81,0,05:20:12:749.261
4.37,46.81,0,-7.25,106.69,0,2.87,-1.81,0,05:20:12:815.697
4.37,46.81,0,-7.25,106.69,0,2.87,-1.81,0,05:20:12:929.143
4.37,46.81,0,-7.25,106.69,0,2.94,-1.81,0,05:20:13:11.156
4.37,46.81,0,-7.25,106.69,0,2.94,-1.81,0,05:20:13:132.89
4.37,46.81,0,-7.25,106.69,0,2.94,-1.81,0,05:20:13:219.066
4.37,46.81,0,-7.25,106.69,0,2.94,-1.81,0,05:20:13:327.724
4.37,46.81,0,-7.25,106.69,0,2.94,-1.81,0,05:20:13:419.797
4.37,46.81,0,-7.25,106.69,0,2.94,-1.81,0,05:20:13:545.872
4.37,46.81,0,-7.25,106.69,0,2.94,-1.81,0,05:20:13:629.474
4.37,46.81,0,-7.25,106.69,0,2.94,-1.81,0,05:20:13:717.611
4.37,46.81,0,-7.25,106.69,0,2.94,-1.81,0,05:20:13:839.688
4.37,46.81,0,-7.25,106.69,0,2.94,-1.81,0,05:20:13:931.878
4.37,46.81,0,-7.25,106.69,0,2.94,-1.81,0,05:20:14:44.486
4.37,46.81,0,-7.25,106.69,0,2.94,-1.81,0,05:20:14:113.48
4.37,46.81,0,-7.25,106.69,0,2.94,-1.81,0,05:20:14:242.535
4.37,46.81,0,-7.25,106.69,0,2.94,-1.81,0,05:20:14:311.183
4.37,46.81,0,-7.25,106.69,0,2.94,-1.81,0,05:20:14:427.478
4.37,46.81,0,-7.25,106.69,0,2.94,-1.81,0,05:20:14:514.795
4.37,46.81,0,-7.25,106.69,0,2.94,-1.81,0,05:20:14:646.781
4.37,46.81,0,-7.25,106.69,0,2.94,-1.81,0,05:20:14:720.455
4.37,46.81,0,-7.25,106.69,0,2.94,-1.81,0,05:20:14:832.243
4.37,46.81,0,-7.25,106.69,0,2.94,-1.81,0,05:20:14:915.244
4.37,46.81,0,-7.25,106.69,0,2.94,-1.81,0,05:20:15:16.256
4.37,46.81,0,-7.25,106.69,0,2.94,-1.81,0,05:20:15:164.459
4.37,46.81,0,-7.25,106.69,0,2.94,-1.81,0,05:20:15:210.333
4.37,46.81,0,-7.25,106.69,0,2.94,-1.81,0,05:20:15:334.723
4.37,46.81,0,-7.25,106.69,0,2.94,-1.81,0,05:20:15:485.295
4.37,46.81,0,-7.25,106.69,0,2.94,-1.81,0,05:20:15:562.246
4.37,46.81,0,-7.25,106.69,0,2.94,-1.81,0,05:20:15:665.142
4.37,46.81,0,-7.25,106.69,0,2.94,-1.81,0,05:20:15:761.586
4.37,46.81,0,-7.25,106.69,0,2.94,-1.81,0,05:20:15:878.249
4.37,46.81,0,-7.25,106.69,0,2.94,-1.81,0,05:20:15:960.703
4.37,46.81,0,-7.25,106.69,0,2.94,-1.81,0,05:20:16:63.466
4.37,46.81,0,-7.25,106.69,0,2.94,-1.81,0,05:20:16:160.016
4.37,46.81,0,-7.25,106.69,0,2.94,-1.81,0,05:20:16:290.288
4.37,46.81,0,-7.25,106.69,0,2.94,-1.81,0,05:20:16:418.152
4.37,46.81,0,-7.25,106.69,0,2.94,-1.81,0,05:20:16:516.426
4.37,46.81,0,-7.25,106.69,0,2.94,-1.81,0,05:20:16:618.916
4.37,46.81,0,-7.25,106.69,0,2.94,-1.81,0,05:20:16:714.939
4.37,46.81,0,-7.25,106.69,0,2.94,-1.81,0,05:20:16:822.822
4.37,46.81,0,-7.25,106.69,0,2.94,-1.81,0,05:20:16:919.886
4.37,46.81,0,-7.25,106.69,0,2.94,-1.81,0,05:20:17:12.227
4.37,46.81,0,-7.25,106.69,0,2.94,-1.81,0,05:20:17:139.08
4.37,46.81,0,-7.25,106.69,0,2.94,-1.81,0,05:20:17:238.133
4.37,46.81,0,-7.25,106.69,0,2.94,-1.81,0,05:20:17:360.69
4.37,46.81,0,-7.25,106.69,0,2.94,-1.81,0,05:20:17:467.265
4.37,46.81,0,-7.25,106.69,0,2.94,-1.81,0,05:20:17:568.64
4.37,46.81,0,-7.25,106.69,0,2.94,-1.81,0,05:20:17:677.133
4.37,46.81,0,-7.25,106.69,0,2.94,-1.81,0,05:20:17:761.947
4.37,46.81,0,-7.25,106.69,0,2.94,-1.81,0,05:20:17:864.156
4.37,46.81,0,-7.25,106.69,0,2.94,-1.81,0,05:20:17:975.668
4.37,46.81,0,-7.25,106.69,0,2.94,-1.81,0,05:20:18:60.692
4.37,46.81,0,-7.25,106.69,0,2.94,-1.81,0,05:20:18:170.872
4.37,46.81,0,-7.25,106.69,0,2.94,-1.81,0,05:20:18:295.78
4.37,46.81,0,-7.25,106.69,0,2.94,-1.81,0,05:20:18:426.774
4.37,46.81,0,-7.25,106.69,0,2.94,-1.81,0,05:20:18:527.221
4.37,46.81,0,-7.25,106.69,0,2.94,-1.81,0,05:20:18:630.154
4.37,46.81,0,-7.25,106.69,0,2.94,-1.81,0,05:20:18:728.89
4.37,46.81,0,-7.25,106.69,0,2.94,-1.81,0,05:20:18:831.54
4.37,46.81,0,-7.25,106.69,0,2.94,-1.81,0,05:20:18:937.167
4.37,46.81,0,-7.25,106.69,0,2.94,-1.81,0,05:20:19:12.746
4.37,46.81,0,-7.25,106.69,0,2.94,-1.81,0,05:20:19:122.768
4.37,46.81,0,-7.25,106.69,0,2.94,-1.81,0,05:20:19:218.161
4.37,46.81,0,-7.25,106.69,0,2.94,-1.81,0,05:20:19:338.18
4.37,46.81,0,-7.25,106.69,0,2.94,-1.81,0,05:20:19:420.276
4.37,46.81,0,-7.25,106.69,0,2.94,-1.81,0,05:20:19:520.204
4.37,46.81,0,-7.25,106.69,0,2.94,-1.81,0,05:20:19:645.833
4.37,46.81,0,-7.25,106.69,0,2.94,-1.81,0,05:20:19:765.822
4.37,46.81,0,-7.25,106.69,0,2.94,-1.81,0,05:20:19:873.806
4.37,46.81,0,-7.25,106.69,0,2.94,-1.81,0,05:20:19:976.035
4.37,46.81,0,-7.25,106.69,0,2.94,-1.81,0,05:20:20:72.214
4.37,46.81,0,-7.25,106.69,0,2.94,-1.81,0,05:20:20:171.524
4.37,46.81,0,-7.25,106.69,0,2.87,-1.87,0,05:20:20:300.282
4.37,46.81,0,-7.25,106.69,0,2.87,-1.87,0,05:20:20:425.806
4.37,46.81,0,-7.25,106.69,0,2.87,-1.87,0,05:20:20:554.733
4.37,46.81,0,-7.25,106.69,0,2.87,-1.87,0,05:20:20:667.605
4.37,46.81,0,-7.25,106.69,0,2.81,-1.87,0,05:20:20:761.581
4.37,46.81,0,-7.25,106.69,0,2.81,-1.87,0,05:20:20:890.404
4.37,46.81,0,-7.25,106.69,0,2.81,-1.87,0,05:20:20:963.999
4.37,46.81,0,-7.25,106.69,0,2.81,-1.87,0,05:20:21:70.701
4.37,46.81,0,-7.25,106.69,0,2.81,-1.87,0,05:20:21:169.457
4.37,46.81,0,-7.25,106.69,0,2.75,-1.87,0,05:20:21:275.28
4.37,46.81,0,-7.25,106.69,0,2.75,-1.87,0,05:20:21:362.249
4.37,46.81,0,-7.25,106.69,0,2.75,-1.87,0,05:20:21:477.397
4.37,46.81,0,-7.25,106.69,0,2.75,-1.87,0,05:20:21:561.579
4.37,46.81,0,-7.25,106.69,0,2.75,-1.87,0,05:20:21:662.009
4.37,46.81,0,-7.25,106.69,0,2.75,-1.87,0,05:20:21:766.053
4.37,46.81,0,-7.25,106.69,0,2.75,-1.87,0,05:20:21:867.42
4.37,46.81,0,-7.25,106.69,0,2.75,-1.87,0,05:20:21:974.973
4.37,46.81,0,-7.25,106.69,0,2.81,-1.87,0,05:20:22:67.01
4.37,46.81,0,-7.25,106.69,0,2.81,-1.87,0,05:20:22:180.315
4.37,46.81,0,-7.25,106.69,0,2.81,-1.94,0,05:20:22:287.289
4.37,46.81,0,-7.25,106.69,0,2.81,-1.94,0,05:20:22:404.591
4.37,46.81,0,-7.25,106.69,0,2.81,-1.94,0,05:20:22:538.991
4.37,46.81,0,-7.25,106.69,0,2.81,-1.94,0,05:20:22:635.22
4.37,46.81,0,-7.25,106.69,0,2.81,-1.94,0,05:20:22:726.694
4.37,46.81,0,-7.25,106.69,0,2.81,-1.94,0,05:20:22:824.073
4.37,46.81,0,-7.25,106.69,0,2.81,-1.94,0,05:20:22:911.96
4.37,46.81,0,-7.25,106.69,0,2.81,-1.94,0,05:20:23:12.977
4.37,46.81,0,-7.25,106.69,0,2.81,-1.94,0,05:20:23:121.361
4.37,46.81,0,-7.25,106.69,0,2.75,-1.94,0,05:20:23:220.102
4.37,46.81,0,-7.25,106.69,0,2.75,-1.94,0,05:20:23:310.485
4.37,46.81,0,-7.25,106.69,0,2.75,-1.94,0,05:20:23:428.502
4.37,46.81,0,-7.25,106.69,0,2.75,-1.94,0,05:20:23:514.417
4.37,46.81,0,-7.25,106.69,0,2.69,-1.94,0,05:20:23:627.404
4.37,46.81,0,-7.25,106.69,0,2.69,-1.94,0,05:20:23:715.136
4.37,46.81,0,-7.25,106.69,0,2.69,-1.94,0,05:20:23:817.547
4.37,46.81,0,-7.25,106.69,0,2.69,-1.94,0,05:20:23:930.693
4.37,46.81,0,-7.25,106.69,0,2.69,-1.94,0,05:20:24:19.267
4.37,46.81,0,-7.25,106.69,0,2.69,-1.94,0,05:20:24:136.915
4.37,46.81,0,-7.25,106.69,0,2.69,-1.94,0,05:20:24:209.561
4.37,46.81,0,-7.25,106.69,0,2.69,-1.94,0,05:20:24:349.054
4.37,46.81,0,-7.25,106.69,0,2.69,-1.94,0,05:20:24:466.686
4.37,46.81,0,-7.25,106.69,0,2.69,-1.94,0,05:20:24:583.431
4.37,46.81,0,-7.25,106.69,0,2.69,-1.94,0,05:20:24:688.166
4.37,46.81,0,-7.25,106.69,0,2.69,-1.94,0,05:20:24:776.833
4.37,46.81,0,-7.25,106.69,0,2.69,-1.94,0,05:20:24:863.261
4.37,46.81,0,-7.25,106.69,0,2.69,-1.94,0,05:20:24:965.298
4.37,46.81,0,-7.25,106.69,0,2.69,-1.94,0,05:20:25:66.918
4.37,46.81,0,-7.25,106.69,0,2.69,-1.94,0,05:20:25:170.53
4.37,46.81,0,-7.25,106.69,0,2.69,-1.94,0,05:20:25:282.386
4.37,46.81,0,-7.25,106.69,0,2.69,-1.94,0,05:20:25:362.667
4.37,46.81,0,-7.25,106.69,0,2.69,-2,0,05:20:25:477.09
4.37,46.81,0,-7.25,106.69,0,2.69,-2,0,05:20:25:569.105
4.37,46.81,0,-7.25,106.69,0,2.69,-2,0,05:20:25:667.585
4.37,46.81,0,-7.25,106.69,0,2.69,-1.94,0,05:20:25:763.828
4.37,46.81,0,-7.25,106.69,0,2.69,-1.94,0,05:20:25:861.713
4.37,46.81,0,-7.25,106.69,0,2.69,-1.94,0,05:20:25:957.755
4.37,46.81,0,-7.25,106.69,0,2.69,-1.94,0,05:20:26:118.078
4.37,46.81,0,-7.25,106.69,0,2.69,-1.94,0,05:20:26:162.0
4.37,46.81,0,-7.25,106.69,0,2.69,-2,0,05:20:26:292.447
4.37,46.81,0,-7.25,106.69,0,2.69,-2,0,05:20:26:422.069
4.37,46.81,0,-7.25,106.69,0,2.69,-2,0,05:20:26:525.581
4.37,46.81,0,-7.25,106.69,0,2.69,-2,0,05:20:26:612.443
4.37,46.81,0,-7.25,106.69,0,2.69,-2,0,05:20:26:713.011
4.37,46.81,0,-7.25,106.69,0,2.69,-2,0,05:20:26:845.702
4.37,46.81,0,-7.25,106.69,0,2.69,-2,0,05:20:26:910.071
4.37,46.81,0,-7.25,106.69,0,2.69,-2,0,05:20:27:30.923
4.37,46.81,0,-7.25,106.69,0,2.69,-2,0,05:20:27:121.808
4.37,46.81,0,-7.25,106.69,0,2.69,-2,0,05:20:27:217.632
4.37,46.81,0,-7.25,106.69,0,2.69,-2,0,05:20:27:315.19
4.37,46.81,0,-7.25,106.69,0,2.69,-2,0,05:20:27:420.661
4.37,46.81,0,-7.25,106.69,0,2.69,-2,0,05:20:27:519.06
4.37,46.81,0,-7.25,106.69,0,2.69,-2,0,05:20:27:621.386
4.37,46.81,0,-7.25,106.69,0,2.69,-2,0,05:20:27:724.187
4.37,46.81,0,-7.25,106.69,0,2.69,-2,0,05:20:27:850.835
4.37,46.81,0,-7.25,106.69,0,2.69,-2,0,05:20:27:935.393
4.37,46.81,0,-7.25,106.69,0,2.69,-2,0,05:20:28:72.712
4.37,46.81,0,-7.25,106.69,0,2.69,-2,0,05:20:28:137.543
4.37,46.81,0,-7.25,106.69,0,2.69,-2,0,05:20:28:218.513
4.37,46.81,0,-7.25,106.69,0,2.69,-2,0,05:20:28:329.613
4.37,46.81,0,-7.25,106.69,0,2.75,-1.94,0,05:20:28:415.939
4.37,46.81,0,-7.25,106.69,0,2.69,-1.94,0,05:20:28:516.559
4.37,46.81,0,-7.25,106.69,0,2.75,-1.94,0,05:20:28:627.845
4.37,46.75,0,-7.19,106.75,0,2.75,-2,0,05:20:28:705.277
4.37,46.63,0,-7.19,106.81,0,2.69,-2,0,05:20:28:844.604
4.37,46.44,0,-7.25,106.75,0,2.69,-2,0,05:20:28:911.629
4.37,46.31,0,-7.25,106.69,0,2.69,-2,0,05:20:29:39.291
4.31,46.06,0,-7.25,106.63,0,2.69,-2,0,05:20:29:123.252
4.31,45.94,0,-7.31,106.56,0,2.69,-2,0,05:20:29:220.719
4.31,45.75,0,-7.31,106.56,0,2.69,-2,0,05:20:29:321.767
4.31,45.56,0,-7.37,106.5,0,2.62,-2,0,05:20:29:419.83
4.25,45.38,0,-7.37,106.44,0,2.62,-2,0,05:20:29:513.036
4.25,45.25,0,-7.44,106.38,0,2.69,-2,0,05:20:29:604.899
4.25,45.06,0,-7.44,106.38,0,2.69,-2,0,05:20:29:726.648
4.25,44.94,0,-7.44,106.38,0,2.69,-2,0,05:20:29:815.205
4.25,44.75,0,-7.44,106.31,0,2.69,-2,0,05:20:29:928.777
4.19,44.56,0,-7.5,106.25,0,2.69,-2,0,05:20:30:21.524
4.19,44.38,0,-7.56,106.13,0,2.69,-2,0,05:20:30:119.03
4.19,44.19,0,-7.56,106,0,2.69,-2,0,05:20:30:235.095
4.19,43.87,0,-7.69,105.75,0,2.69,-2,0,05:20:30:345.41
4.12,43.44,0,-7.81,105.56,0,2.62,-2,0,05:20:30:494.049
4.12,43.13,0,-7.87,105.5,0,2.69,-2,0,05:20:30:615.029
4.06,42.94,0,-7.94,105.5,0,2.62,-2,0,05:20:30:724.309
4.06,42.69,0,-7.94,105.44,0,2.62,-2,0,05:20:30:816.124
4.06,42.5,0,-7.94,105.44,0,2.69,-2,0,05:20:30:929.203
4,42.19,0,-8,105.44,0,2.69,-2,0,05:20:31:16.079
4,42,0,-8,105.38,0,2.69,-2,0,05:20:31:115.58
3.94,41.69,0,-8.06,105.38,0,2.69,-2,0,05:20:31:240.25
3.94,41.31,0,-8.13,105.31,0,2.69,-2,0,05:20:31:398.232
3.87,41.06,0,-8.13,105.31,0,2.75,-2,0,05:20:31:530.547
3.87,40.75,0,-8.19,105.31,0,2.69,-2,0,05:20:31:617.288
3.87,40.56,0,-8.19,105.31,0,2.69,-2,0,05:20:31:719.298
3.81,40.38,0,-8.19,105.31,0,2.69,-2,0,05:20:31:834.739
3.81,40.12,0,-8.19,105.31,0,2.69,-2,0,05:20:31:916.605
3.81,39.88,0,-8.19,105.31,0,2.69,-2,0,05:20:32:24.355
3.75,39.63,0,-8.19,105.31,0,2.69,-2,0,05:20:32:114.465
3.75,39.38,0,-8.19,105.31,0,2.69,-2,0,05:20:32:242.094
3.69,39.06,0,-8.19,105.31,0,2.69,-2,0,05:20:32:410.19
3.69,38.75,0,-8.25,105.25,0,2.69,-2.06,0,05:20:32:520.997
3.69,38.5,0,-8.25,105.19,0,2.69,-2,0,05:20:32:616.495
3.62,38.31,0,-8.31,105.13,0,2.69,-2,0,05:20:32:718.444
3.62,38.06,0,-8.31,105.06,0,2.69,-2,0,05:20:32:819.212
3.62,37.81,0,-8.38,105.06,0,2.69,-2,0,05:20:32:925.067
3.56,37.5,0,-8.44,105,0,2.69,-2,0,05:20:33:13.048
3.56,37.38,0,-8.44,105,0,2.69,-2.06,0,05:20:33:122.454
3.5,37.06,0,-8.5,104.94,0,2.69,-2.06,0,05:20:33:220.75
3.5,36.81,0,-8.5,104.88,0,2.69,-2.06,0,05:20:33:320.921
3.5,36.63,0,-8.56,104.81,0,2.69,-2.06,0,05:20:33:455.471
3.5,36.56,0,-8.56,104.81,0,2.69,-2.06,0,05:20:33:518.795
3.44,36.13,0,-8.56,104.81,0,2.69,-2,0,05:20:33:629.44
3.44,35.88,0,-8.56,104.81,0,2.69,-2,0,05:20:33:714.388
3.37,35.69,0,-8.56,104.81,0,2.69,-2,0,05:20:33:820.814
3.37,35.44,0,-8.56,104.81,0,2.69,-2,0,05:20:33:917.345
3.37,35.13,0,-8.56,104.81,0,2.69,-2,0,05:20:34:23.139
3.31,34.88,0,-8.56,104.81,0,2.69,-2,0,05:20:34:105.204
3.31,34.69,0,-8.56,104.81,0,2.69,-2,0,05:20:34:220.177
3.31,34.38,0,-8.56,104.81,0,2.69,-2,0,05:20:34:324.624
3.31,34.25,0,-8.56,104.81,0,2.69,-2,0,05:20:34:415.63
3.25,33.81,0,-8.63,104.75,0,2.69,-2,0,05:20:34:549.293
3.25,33.5,0,-8.69,104.69,0,2.69,-2,0,05:20:34:675.259
3.19,33.25,0,-8.69,104.69,0,2.69,-2,0,05:20:34:769.938
3.19,33,0,-8.75,104.63,0,2.69,-2,0,05:20:34:865.789
3.19,32.94,0,-8.75,104.56,0,2.69,-2,0,05:20:34:956.994
3.19,32.5,0,-8.81,104.56,0,2.75,-2,0,05:20:35:95.569
3.12,32.19,0,-8.81,104.5,0,2.69,-2,0,05:20:35:244.447
3.12,31.62,0,-8.88,104.44,0,2.69,-2,0,05:20:35:408.239
3,31.31,0,-8.88,104.44,0,2.69,-2,0,05:20:35:517.248
3,31.06,0,-8.88,104.44,0,2.69,-2,0,05:20:35:612.239
3,30.88,0,-8.88,104.44,0,2.69,-2,0,05:20:35:727.599
3,30.62,0,-8.94,104.44,0,2.69,-2,0,05:20:35:812.646
3,30.44,0,-9,104.44,0,2.69,-2,0,05:20:35:933.385
3,30.37,0,-9,104.44,0,2.69,-2,0,05:20:36:58.49
3,30.25,0,-8.94,104.5,0,2.69,-2.06,0,05:20:36:120.773
3,30.25,0,-8.88,104.56,0,2.69,-2,0,05:20:36:227.395
3,30.06,0,-8.94,104.56,0,2.69,-2.06,0,05:20:36:371.814
2.94,30.12,0,-8.88,104.56,0,2.62,-2.06,0,05:20:36:517.512
2.94,30.06,0,-8.94,104.5,0,2.62,-2.06,0,05:20:36:614.265
2.94,30.06,0,-8.94,104.5,0,2.62,-2.06,0,05:20:36:715.191
2.94,30.06,0,-9,104.44,0,2.62,-2.06,0,05:20:36:803.23
2.94,30.06,0,-9,104.44,0,2.62,-2.06,0,05:20:36:927.632
2.94,30,0,-9,104.44,0,2.62,-2.06,0,05:20:37:12.064
2.94,30,0,-9,104.38,0,2.62,-2.06,0,05:20:37:113.097
2.94,29.94,0,-9.06,104.38,0,2.62,-2.06,0,05:20:37:226.456
2.94,29.94,0,-9,104.38,0,2.56,-2.06,0,05:20:37:326.335
2.94,29.94,0,-9,104.38,0,2.56,-2.06,0,05:20:37:413.771
2.94,29.94,0,-9,104.38,0,2.56,-2.06,0,05:20:37:520.456
2.94,29.87,0,-9,104.38,0,2.62,-2.06,0,05:20:37:622.85
2.94,29.87,0,-9,104.38,0,2.62,-2.06,0,05:20:37:718.532
2.94,29.87,0,-9,104.38,0,2.62,-2.06,0,05:20:37:815.013
2.94,29.81,0,-9,104.38,0,2.62,-2.06,0,05:20:37:928.711
2.94,29.81,0,-9,104.38,0,2.62,-2.06,0,05:20:38:11.246
2.94,29.75,0,-9,104.38,0,2.62,-2.06,0,05:20:38:128.368
2.94,29.75,0,-9,104.38,0,2.62,-2.06,0,05:20:38:257.159
2.94,29.69,0,-9,104.38,0,2.62,-2.06,0,05:20:38:395.213
2.94,29.69,0,-9,104.38,0,2.56,-2.06,0,05:20:38:518.918
2.94,29.63,0,-9,104.38,0,2.56,-2.06,0,05:20:38:618.773
2.94,29.63,0,-9,104.38,0,2.62,-2.06,0,05:20:38:722.101
2.94,29.63,0,-9,104.38,0,2.62,-2.06,0,05:20:38:817.337
2.94,29.56,0,-9,104.38,0,2.62,-2.12,0,05:20:38:912.856
2.94,29.56,0,-9,104.38,0,2.62,-2.12,0,05:20:39:29.289
2.94,29.5,0,-9,104.38,0,2.62,-2.12,0,05:20:39:115.363
2.94,29.5,0,-9,104.38,0,2.62,-2.12,0,05:20:39:231.623
2.94,29.44,0,-9,104.38,0,2.62,-2.12,0,05:20:39:337.183
2.94,29.44,0,-9,104.38,0,2.69,-2.12,0,05:20:39:422.502
2.94,29.44,0,-9,104.38,0,2.62,-2.12,0,05:20:39:530.156
2.94,29.37,0,-9,104.38,0,2.69,-2.12,0,05:20:39:632.338
2.94,29.31,0,-9,104.38,0,2.62,-2.12,0,05:20:39:752.949
2.94,29.31,0,-9,104.38,0,2.62,-2.12,0,05:20:39:838.648
2.94,29.31,0,-9,104.38,0,2.62,-2.12,0,05:20:39:923.586
2.94,29.25,0,-9,104.38,0,2.62,-2.12,0,05:20:40:21.817
2.94,29.19,0,-9,104.38,0,2.62,-2.12,0,05:20:40:137.998
2.94,29.19,0,-9,104.38,0,2.62,-2.19,0,05:20:40:240.128
2.94,29.12,0,-9.06,104.38,0,2.62,-2.12,0,05:20:40:405.955
2.94,29.19,0,-9.06,104.31,0,2.62,-2.19,0,05:20:40:522.272
2.94,29.19,0,-9.13,104.25,0,2.62,-2.19,0,05:20:40:615.343
2.94,29.25,0,-9.13,104.25,0,2.62,-2.19,0,05:20:40:717.107
2.94,29.31,0,-9.19,104.19,0,2.62,-2.19,0,05:20:40:823.516
2.94,29.37,0,-9.19,104.19,0,2.56,-2.19,0,05:20:40:925.202
2.94,29.44,0,-9.19,104.19,0,2.62,-2.19,0,05:20:41:12.136
2.94,29.5,0,-9.19,104.19,0,2.62,-2.19,0,05:20:41:120.531
2.94,29.63,0,-9.19,104.19,0,2.62,-2.19,0,05:20:41:221.289
2.94,29.75,0,-9.19,104.19,0,2.62,-2.19,0,05:20:41:311.538
2.94,29.94,0,-9.19,104.13,0,2.69,-2.19,0,05:20:41:428.525
2.94,30.06,0,-9.19,104.13,0,2.69,-2.19,0,05:20:41:519.475
3,30.19,0,-9.19,104.13,0,2.69,-2.19,0,05:20:41:655.553
3,30.25,0,-9.19,104.13,0,2.69,-2.19,0,05:20:41:787.988
3,30.44,0,-9.19,104.13,0,2.69,-2.19,0,05:20:41:829.695
3,30.81,0,-9.19,104.13,0,2.62,-2.19,0,05:20:41:923.11
3,31,0,-9.19,104.13,0,2.62,-2.19,0,05:20:42:10.878
3,31.19,0,-9.19,104.13,0,2.62,-2.19,0,05:20:42:122.403
3,31.44,0,-9.19,104.13,0,2.62,-2.19,0,05:20:42:209.248
3,31.69,0,-9.19,104.13,0,2.62,-2.19,0,05:20:42:341.556
3.06,32,0,-9.19,104.13,0,2.62,-2.19,0,05:20:42:465.123
3.06,32.13,0,-9.19,104.13,0,2.62,-2.19,0,05:20:42:576.85
3.06,32.44,0,-9.19,104.13,0,2.62,-2.19,0,05:20:42:681.489
3.06,32.69,0,-9.19,104.13,0,2.62,-2.19,0,05:20:42:766.134
3.06,32.88,0,-9.19,104.13,0,2.62,-2.19,0,05:20:42:874.952
3.06,33.13,0,-9.19,104.13,0,2.56,-2.19,0,05:20:42:989.438
3.12,33.31,0,-9.19,104.13,0,2.56,-2.19,0,05:20:43:71.803
3.12,33.56,0,-9.19,104.13,0,2.62,-2.19,0,05:20:43:159.801
3.12,33.88,0,-9.19,104.13,0,2.62,-2.19,0,05:20:43:286.391
3.12,34.19,0,-9.19,104.13,0,2.62,-2.19,0,05:20:43:450.175
3.12,34.5,0,-9.19,104.13,0,2.62,-2.19,0,05:20:43:589.618
3.12,34.69,0,-9.19,104.13,0,2.62,-2.19,0,05:20:43:668.23
3.12,34.88,0,-9.19,104.13,0,2.62,-2.19,0,05:20:43:779.909
3.19,35.06,0,-9.19,104.13,0,2.56,-2.19,0,05:20:43:875.791
3.19,35.25,0,-9.19,104.13,0,2.56,-2.19,0,05:20:43:966.504
3.19,35.5,0,-9.19,104.13,0,2.56,-2.19,0,05:20:44:65.921
3.19,35.63,0,-9.19,104.13,0,2.56,-2.19,0,05:20:44:189.795
3.19,35.94,0,-9.19,104.13,0,2.56,-2.19,0,05:20:44:294.025
3.19,36.06,0,-9.19,104.13,0,2.56,-2.25,0,05:20:44:416.603
3.25,36.38,0,-9.19,104.13,0,2.56,-2.19,0,05:20:44:515.72
3.25,36.69,0,-9.19,104.13,0,2.62,-2.19,0,05:20:44:644.023
3.31,36.94,0,-9.19,104.13,0,2.62,-2.19,0,05:20:44:764.457
3.31,37.19,0,-9.19,104.13,0,2.56,-2.19,0,05:20:44:882.985
3.31,37.44,0,-9.19,104.13,0,2.62,-2.19,0,05:20:44:963.071
3.37,37.69,0,-9.19,104.13,0,2.62,-2.19,0,05:20:45:64.293
3.37,37.94,0,-9.19,104.13,0,2.56,-2.19,0,05:20:45:162.596
3.44,38.25,0,-9.19,104.13,0,2.56,-2.19,0,05:20:45:279.676
3.44,38.5,0,-9.19,104.13,0,2.62,-2.19,0,05:20:45:374.774
3.44,38.63,0,-9.19,104.13,0,2.62,-2.19,0,05:20:45:461.253
3.5,39,0,-9.19,104.13,0,2.62,-2.19,0,05:20:45:563.942
3.5,39.13,0,-9.19,104.13,0,2.62,-2.19,0,05:20:45:686.355
3.56,39.5,0,-9.19,104.13,0,2.62,-2.25,0,05:20:45:757.176
3.56,39.69,0,-9.19,104.13,0,2.56,-2.19,0,05:20:45:861.243
3.56,40,0,-9.13,104.19,0,2.56,-2.19,0,05:20:45:963.1
3.62,40.19,0,-9.13,104.19,0,2.56,-2.19,0,05:20:46:75.538
3.62,40.56,0,-9.06,104.25,0,2.56,-2.19,0,05:20:46:165.223
3.69,40.88,0,-9,104.31,0,2.56,-2.19,0,05:20:46:291.123
3.69,41.37,0,-8.94,104.38,0,2.56,-2.19,0,05:20:46:444.296
3.75,41.63,0,-8.88,104.44,0,2.56,-2.19,0,05:20:46:560.717
3.75,41.94,0,-8.81,104.5,0,2.56,-2.19,0,05:20:46:660.598
3.81,42.25,0,-8.81,104.5,0,2.56,-2.19,0,05:20:46:790.397
3.81,42.62,0,-8.75,104.63,0,2.56,-2.19,0,05:20:46:885.815
3.87,42.81,0,-8.69,104.63,0,2.56,-2.19,0,05:20:46:977.025
3.87,43.13,0,-8.69,104.69,0,2.56,-2.19,0,05:20:47:64.266
3.94,43.38,0,-8.56,104.75,0,2.56,-2.19,0,05:20:47:164.174
3.94,43.63,0,-8.5,104.88,0,2.56,-2.19,0,05:20:47:281.745
4,44,0,-8.5,104.94,0,2.56,-2.19,0,05:20:47:404.612
4,44.06,0,-8.38,105.06,0,2.62,-2.12,0,05:20:47:522.817
4,43.69,0,-8.38,105.19,0,2.62,-2.12,0,05:20:47:565.956
3.94,43.44,0,-8.44,105.06,0,2.62,-2.19,0,05:20:47:680.947
4,43.56,0,-8.44,104.94,0,2.56,-2.19,0,05:20:47:766.797
4,43.75,0,-8.5,104.94,0,2.56,-2.19,0,05:20:47:868.503
4,43.94,0,-8.5,104.88,0,2.56,-2.19,0,05:20:47:973.443
4.06,44,0,-8.44,104.94,0,2.56,-2.19,0,05:20:48:64.594
4.06,44.06,0,-8.44,104.94,0,2.56,-2.19,0,05:20:48:176.979
4.12,44.19,0,-8.38,105,0,2.56,-2.19,0,05:20:48:295.77
4.12,44.25,0,-8.31,105.06,0,2.56,-2.19,0,05:20:48:413.06
4.12,44.25,0,-8.31,105.06,0,2.56,-2.19,0,05:20:48:519.72
4.12,44.31,0,-8.25,105.13,0,2.56,-2.19,0,05:20:48:636.307
4.12,44.38,0,-8.25,105.19,0,2.56,-2.19,0,05:20:48:712.047
4.12,44.38,0,-8.19,105.19,0,2.56,-2.19,0,05:20:48:822.234
4.19,44.44,0,-8.19,105.25,0,2.56,-2.19,0,05:20:48:918.454
4.12,44.44,0,-8.13,105.31,0,2.56,-2.19,0,05:20:49:16.279
4.12,44.5,0,-8.13,105.38,0,2.56,-2.19,0,05:20:49:125.895
4.19,44.5,0,-8.06,105.44,0,2.56,-2.19,0,05:20:49:217.371
4.19,44.56,0,-8.06,105.44,0,2.56,-2.19,0,05:20:49:317.027
4.19,44.56,0,-8,105.5,0,2.56,-2.19,0,05:20:49:411.581
4.19,44.63,0,-8,105.56,0,2.56,-2.19,0,05:20:49:524.765
4.19,44.63,0,-7.94,105.63,0,2.56,-2.19,0,05:20:49:614.769
4.19,44.63,0,-7.94,105.63,0,2.56,-2.19,0,05:20:49:720.597
4.19,44.69,0,-7.94,105.69,0,2.56,-2.19,0,05:20:49:819.778
4.19,44.69,0,-7.87,105.75,0,2.56,-2.19,0,05:20:49:940.176
4.19,44.75,0,-7.87,105.75,0,2.56,-2.19,0,05:20:50:12.517
4.19,44.75,0,-7.87,105.81,0,2.56,-2.19,0,05:20:50:114.753
4.19,44.75,0,-7.87,105.81,0,2.56,-2.19,0,05:20:50:218.857
4.19,44.81,0,-7.81,105.88,0,2.56,-2.19,0,05:20:50:313.316
4.19,44.81,0,-7.81,105.88,0,2.56,-2.19,0,05:20:50:442.028
4.19,44.88,0,-7.81,105.88,0,2.56,-2.19,0,05:20:50:603.708
4.19,44.88,0,-7.81,105.88,0,2.56,-2.19,0,05:20:50:720.637
4.25,44.94,0,-7.81,105.88,0,2.56,-2.19,0,05:20:50:847.216
4.25,44.94,0,-7.81,105.88,0,2.56,-2.19,0,05:20:50:972.537
4.25,44.94,0,-7.81,105.88,0,2.56,-2.19,0,05:20:51:66.321
4.19,45,0,-7.81,105.88,0,2.56,-2.19,0,05:20:51:190.849
4.25,45,0,-7.81,105.88,0,2.56,-2.19,0,05:20:51:279.823
4.19,45,0,-7.75,105.81,0,2.56,-2.19,0,05:20:51:367.672
4.19,45,0,-7.75,105.88,0,2.56,-2.19,0,05:20:51:462.019
4.19,45.06,0,-7.81,105.69,0,2.56,-2.19,0,05:20:51:566.746
4.19,45.06,0,-7.94,105.5,0,2.56,-2.19,0,05:20:51:671.454
4.19,45,0,-8.06,105.31,0,2.56,-2.19,0,05:20:51:763.281
4.19,44.94,0,-8.13,105.06,0,2.56,-2.19,0,05:20:51:869.79
4.19,44.88,0,-8.1162,104.75,0,2.56,-2.19,0,05:20:51:965.702
4.19,44.81,0,-8.1024,104.44,0,2.56,-2.19,0,05:20:52:82.905
4.19,44.69,0,-8.0886,104.06,0,2.56,-2.19,0,05:20:52:167.182
4.19,44.56,0,-8.0748,103.81,0,2.56,-2.19,0,05:20:52:303.235
4.19,44.5,0,-8.061,103.25,0,2.56,-2.19,0,05:20:52:441.343
4.12,44.38,0,-8.0472,102.94,0,2.56,-2.19,0,05:20:52:522.388
4.12,44.31,0,-8.0334,102.63,0,2.56,-2.19,0,05:20:52:632.576
4.12,44.19,0,-8.0196,102.31,0,2.56,-2.19,0,05:20:52:720.853
4.12,44.13,0,-8.0058,101.94,0,2.56,-2.19,0,05:20:52:812.551
4.12,44.06,0,-7.992,101.56,0,2.5,-2.19,0,05:20:52:915.416
4.12,44,0,-7.9782,101.31,0,2.56,-2.19,0,05:20:53:8.734
4.12,43.75,0,-7.9644,100.56,0,2.56,-2.19,0,05:20:53:196.462
4.12,43.69,0,-7.9506,100.44,0,2.56,-2.19,0,05:20:53:224.259
4.06,43.56,0,-7.9368,100.06,0,2.56,-2.19,0,05:20:53:312.876
4.06,43.5,0,-7.923,99.75,0,2.56,-2.19,0,05:20:53:440.766
4.06,43.44,0,-7.9092,99.56,0,2.56,-2.19,0,05:20:53:525.987
4.06,43.38,0,-7.8954,99.5,0,2.56,-2.19,0,05:20:53:616.53
4.06,43.31,0,-7.8816,99.25,0,2.56,-2.19,0,05:20:53:738.274
4.06,43.31,0,-7.8678,98.94,0,2.56,-2.19,0,05:20:53:817.792
4.06,43.25,0,-7.854,98.88,0,2.56,-2.19,0,05:20:53:922.713
4.06,43.13,0,-7.8402,98.44,0,2.56,-2.19,0,05:20:54:13.203
4.06,43.06,0,-7.8264,98.19,0,2.56,-2.19,0,05:20:54:115.6
4,43,0,-7.8126,97.94,0,2.56,-2.19,0,05:20:54:219.12
4,43,0,-7.7988,97.69,0,2.56,-2.19,0,05:20:54:322.952
4,42.94,0,-7.785,97.44,0,2.56,-2.19,0,05:20:54:454.578
4,42.88,0,-7.7712,97.25,0,2.56,-2.19,0,05:20:54:565.948
4,42.88,0,-7.7574,97.06,0,2.5,-2.19,0,05:20:54:662.835
4,42.88,0,-7.7436,96.88,0,2.5,-2.19,0,05:20:54:759.031
4,42.88,0,-7.7298,96.69,0,2.5,-2.19,0,05:20:54:862.464
4,42.88,0,-7.716,96.56,0,2.56,-2.19,0,05:20:54:977.411
4,42.88,0,-7.7022,96.38,0,2.56,-2.19,0,05:20:55:61.015
4,42.88,0,-7.6884,96.25,0,2.56,-2.19,0,05:20:55:173.842
4,42.88,0,-7.6746,96,0,2.56,-2.19,0,05:20:55:273.372
4,42.88,0,-7.6608,95.81,0,2.56,-2.19,0,05:20:55:364.158
4,42.88,0,-7.647,95.69,0,2.56,-2.19,0,05:20:55:493.383
4,42.88,0,-7.6332,95.44,0,2.56,-2.19,0,05:20:55:562.007
4,42.88,0,-7.6194,95.31,0,2.56,-2.19,0,05:20:55:704.709
4,42.88,0,-7.6056,95.13,0,2.56,-2.19,0,05:20:55:805.076
4,42.88,0,-7.5918,95,0,2.56,-2.19,0,05:20:55:863.828
4,42.88,0,-7.578,94.75,0,2.56,-2.19,0,05:20:55:963.596
4,42.88,0,-7.5642,94.48125,0,2.56,-2.19,0,05:20:56:72.386
4,42.81,0,-7.5504,94.2125,0,2.56,-2.19,0,05:20:56:164.313
4,42.75,0,-7.5366,93.94375,0,2.56,-2.19,0,05:20:56:290.078
4,42.69,0,-7.5228,93.675,0,2.56,-2.19,0,05:20:56:417.781
4,42.62,0,-7.509,93.40625,0,2.56,-2.19,0,05:20:56:532.907
3.94,42.5,0,-7.4952,93.1375,0,2.56,-2.19,0,05:20:56:697.049
3.94,42.44,0,-7.4814,92.86875,0,2.56,-2.19,0,05:20:56:813.609
3.94,42.38,0,-7.4676,92.6,0,2.56,-2.19,0,05:20:56:921.925
3.94,42.31,0,-7.4538,92.33125,0,2.56,-2.19,0,05:20:57:20.759
3.94,42.25,0,-7.44,92.0625,0,2.56,-2.19,0,05:20:57:115.298
3.94,42.19,0,-7.4262,91.79375,0,2.56,-2.19,0,05:20:57:228.283
3.94,42.06,0,-7.4124,91.525,0,2.56,-2.19,0,05:20:57:345.753
3.94,42,0,-7.3986,91.25625,0,2.56,-2.19,0,05:20:57:473.13
3.94,41.94,0,-7.3848,90.9875,0,2.56,-2.19,0,05:20:57:525.528
3.87,41.88,0,-7.371,90.71875,0,2.56,-2.19,0,05:20:57:623.38
3.87,41.81,0,-7.3572,90.45,0,2.56,-2.19,0,05:20:57:713.258
3.87,41.69,0,-7.3434,90.18125,0,2.56,-2.25,0,05:20:57:818.875
3.87,41.63,0,-7.3296,89.9125,0,2.56,-2.25,0,05:20:57:919.99
3.87,41.56,0,-7.3158,89.64375,0,2.56,-2.25,0,05:20:58:16.945
3.87,41.44,0,-7.302,89.375,0,2.56,-2.25,0,05:20:58:161.202
3.87,41.44,0,-7.2882,89.10625,0,2.56,-2.25,0,05:20:58:230.767
3.81,41.37,0,-7.2744,88.8375,0,2.56,-2.25,0,05:20:58:344.904
3.81,41.19,0,-7.2606,88.56875,0,2.56,-2.25,0,05:20:58:449.293
3.81,41.13,0,-7.2468,88.3,0,2.56,-2.25,0,05:20:58:568.523
3.81,41.06,0,-7.233,88.03125,0,2.56,-2.25,0,05:20:58:669.667
3.81,40.88,0,-7.2192,87.7625,0,2.56,-2.25,0,05:20:58:768.978
3.81,40.81,0,-7.2054,87.49375,0,2.56,-2.25,0,05:20:58:858.941
3.81,40.75,0,-7.1916,87.225,0,2.56,-2.25,0,05:20:58:969.047
3.75,40.63,0,-7.1778,86.95625,0,2.56,-2.25,0,05:20:59:71.352
3.75,40.5,0,-7.164,86.6875,0,2.56,-2.25,0,05:20:59:189.695
3.75,40.38,0,-7.1502,86.41875,0,2.56,-2.25,0,05:20:59:266.38
3.75,40.31,0,-7.1364,86.15,0,2.56,-2.25,0,05:20:59:377.434
3.75,40.19,0,-7.1226,85.88125,0,2.56,-2.25,0,05:20:59:462.062
3.75,40.06,0,-7.1088,85.6125,0,2.56,-2.25,0,05:20:59:576.43
3.75,39.94,0,-7.095,85.34375,0,2.56,-2.25,0,05:20:59:661.818
3.75,39.88,0,-7.0812,85.075,0,2.56,-2.25,0,05:20:59:762.07
3.69,39.75,0,-7.0674,84.80625,0,2.56,-2.25,0,05:20:59:861.66
3.69,39.63,0,-7.0536,84.5375,0,2.56,-2.25,0,05:20:59:974.479
3.69,39.56,0,-7.0398,84.26875,0,2.56,-2.25,0,05:21:00:59.925
3.69,39.44,0,-7.026,84,0,2.56,-2.25,0,05:21:00:167.475
3.69,39.31,0,-7.0122,83.73125,0,2.56,-2.25,0,05:21:00:290.54
3.62,39.19,0,-6.9984,84,0,2.56,-2.25,0,05:21:00:417.666
3.62,39.13,0,-6.9846,83.87,0,2.56,-2.25,0,05:21:00:525.225
3.62,39,0,-6.9708,83.62,0,2.56,-2.25,0,05:21:00:618.198
3.62,38.88,0,-6.957,83.44,0,2.56,-2.25,0,05:21:00:723.728
3.62,38.75,0,-6.9432,83.25,0,2.56,-2.25,0,05:21:00:821.155
3.62,38.69,0,-6.9294,83,0,2.56,-2.25,0,05:21:00:917.84
3.62,38.63,0,-6.9156,82.81,0,2.56,-2.25,0,05:21:01:23.414
3.56,38.5,0,-6.9018,82.56,0,2.56,-2.25,0,05:21:01:108.186
3.56,38.31,0,-6.888,82.31,0,2.56,-2.25,0,05:21:01:251.034
3.56,38.25,0,-6.8742,82.06,0,2.56,-2.25,0,05:21:01:312.211
3.56,38.13,0,-6.8604,81.75,0,2.56,-2.25,0,05:21:01:457.675
3.56,38,0,-6.8466,81.44,0,2.56,-2.25,0,05:21:01:566.158
3.56,37.88,0,-6.8328,81.31,0,2.56,-2.25,0,05:21:01:664.813
3.5,37.75,0,-6.819,81,0,2.56,-2.25,0,05:21:01:766.976
3.5,37.69,0,-6.8052,80.81,0,2.56,-2.25,0,05:21:01:866.473
3.5,37.63,0,-6.7914,80.56,0,2.56,-2.25,0,05:21:01:957.236
3.5,37.5,0,-6.7776,80.38,0,2.56,-2.25,0,05:21:02:62.024
3.5,37.38,0,-6.7638,80.12,0,2.56,-2.25,0,05:21:02:162.381
3.5,37.31,0,-6.75,79.87,0,2.56,-2.25,0,05:21:02:294.997
3.5,37.13,0,-6.7362,79.5,0,2.56,-2.25,0,05:21:02:415.123
3.5,37.06,0,-6.7224,79.31,0,2.56,-2.25,0,05:21:02:526.542
3.5,36.94,0,-6.7086,79.06,0,2.62,-2.25,0,05:21:02:624.741
3.44,36.88,0,-6.6948,78.81,0,2.62,-2.25,0,05:21:02:732.545
3.44,36.75,0,-6.681,78.62,0,2.62,-2.25,0,05:21:02:812.297
3.44,36.69,0,-6.6672,78.44,0,2.62,-2.25,0,05:21:02:908.363
3.44,36.56,0,-6.6534,78.19,0,2.62,-2.25,0,05:21:03:10.886
3.44,36.5,0,-6.6396,78.06,0,2.62,-2.25,0,05:21:03:112.143
3.44,36.38,0,-6.6258,77.81,0,2.62,-2.25,0,05:21:03:223.56
3.44,36.31,0,-6.612,77.56,0,2.62,-2.25,0,05:21:03:313.918
3.44,36.19,0,-6.5982,77.31,0,2.62,-2.25,0,05:21:03:418.935
3.37,36.06,0,-6.5844,77.12,0,2.62,-2.25,0,05:21:03:510.65
3.37,36,0,-6.5706,76.87,0,2.62,-2.25,0,05:21:03:626.116
3.37,35.94,0,-6.5568,76.69,0,2.62,-2.25,0,05:21:03:734.99
3.37,35.81,0,-6.543,76.5,0,2.62,-2.25,0,05:21:03:806.63
3.37,35.75,0,-6.5292,76.31,0,2.62,-2.25,0,05:21:03:944.277
3.37,35.63,0,-6.5154,76.06,0,2.62,-2.25,0,05:21:04:19.938
3.37,35.56,0,-6.5016,75.87,0,2.56,-2.25,0,05:21:04:114.176
3.37,35.44,0,-6.4878,75.62,0,2.56,-2.25,0,05:21:04:218.231
3.37,35.38,0,-6.474,75.5,0,2.56,-2.25,0,05:21:04:335.145
3.37,35.31,0,-6.4602,75.25,0,2.62,-2.25,0,05:21:04:415.045
3.37,35.19,0,-6.4464,75,0,2.62,-2.25,0,05:21:04:524.432
3.37,35.06,0,-6.4326,74.81,0,2.62,-2.31,0,05:21:04:611.864
3.31,35,0,-6.4188,74.62,0,2.62,-2.25,0,05:21:04:718.009
3.31,34.94,0,-6.405,74.44,0,2.62,-2.25,0,05:21:04:814.67
3.31,34.88,0,-6.3912,74.19,0,2.62,-2.25,0,05:21:04:929.447
3.31,34.75,0,-6.3774,73.94,0,2.62,-2.25,0,05:21:05:14.792
3.31,34.69,0,-6.3636,73.81,0,2.62,-2.31,0,05:21:05:130.115
3.31,34.63,0,-6.3498,73.56,0,2.56,-2.31,0,05:21:05:228.912
3.31,34.56,0,-6.336,73.31,0,2.62,-2.25,0,05:21:05:349.425
3.31,34.44,0,-6.3222,73.12,0,2.62,-2.25,0,05:21:05:472.655
3.31,34.38,0,-6.3084,72.87,0,2.56,-2.25,0,05:21:05:561.416
3.31,34.31,0,-6.2946,72.69,0,2.62,-2.25,0,05:21:05:682.241
3.31,34.19,0,-6.2808,72.44,0,2.62,-2.25,0,05:21:05:766.805
3.31,34.13,0,-6.267,72.25,0,2.62,-2.25,0,05:21:05:878.522
3.25,34.06,0,-6.2532,72.06,0,2.56,-2.25,0,05:21:05:969.393
3.25,34,0,-6.2394,71.87,0,2.62,-2.31,0,05:21:06:75.688
3.25,33.88,0,-6.2256,71.69,0,2.62,-2.31,0,05:21:06:168.854
3.25,33.81,0,-6.2118,71.44,0,2.62,-2.31,0,05:21:06:287.401
3.25,33.69,0,-6.198,71.19,0,2.62,-2.31,0,05:21:06:418.637
3.25,33.63,0,-6.1842,71,0,2.62,-2.31,0,05:21:06:545.194
3.25,33.56,0,-6.1704,70.81,0,2.62,-2.25,0,05:21:06:610.425
3.25,33.5,0,-6.1566,70.62,0,2.62,-2.25,0,05:21:06:717.979
3.25,33.38,0,-6.1428,70.44,0,2.62,-2.25,0,05:21:06:856.06
3.25,33.31,0,-6.129,70.25,0,2.62,-2.25,0,05:21:06:911.114
3.19,33.25,0,-6.1152,70.06,0,2.62,-2.25,0,05:21:07:25.344
3.19,33.19,0,-6.1014,69.87,0,2.62,-2.25,0,05:21:07:118.348
3.19,33.06,0,-6.0876,69.69,0,2.62,-2.25,0,05:21:07:221.015
3.19,33,0,-6.0738,69.5,0,2.62,-2.25,0,05:21:07:344.699
3.19,32.94,0,-6.06,69.31,0,2.62,-2.25,0,05:21:07:408.357
3.19,32.88,0,-6.0462,69.12,0,2.62,-2.25,0,05:21:07:545.247
3.19,32.75,0,-6.06,68.94,0,2.62,-2.25,0,05:21:07:612.516
3.19,32.69,0,-6,68.75,0,2.62,-2.25,0,05:21:07:713.464
3.19,32.63,0,-5.94,68.56,0,2.62,-2.25,0,05:21:07:809.527
3.19,32.5,0,-5.88,68.31,0,2.62,-2.25,0,05:21:07:995.916
3.19,32.44,0,-5.81,68.19,0,2.62,-2.25,0,05:21:08:30.955
3.19,32.38,0,-5.75,68,0,2.62,-2.25,0,05:21:08:132.537
3.12,32.31,0,-5.69,67.81,0,2.62,-2.25,0,05:21:08:218.997
3.12,32.25,0,-5.62,67.62,0,2.62,-2.25,0,05:21:08:323.496
3.12,32.19,0,-5.56,67.44,0,2.62,-2.25,0,05:21:08:418.413
3.12,32.06,0,-5.5,67.19,0,2.62,-2.25,0,05:21:08:550.68
3.12,31.94,0,-5.44,67,0,2.62,-2.25,0,05:21:08:670.159
3.12,31.87,0,-5.38,66.81,0,2.62,-2.25,0,05:21:08:767.048
3.12,31.81,0,-5.31,66.62,0,2.62,-2.25,0,05:21:08:882.628
3.12,31.75,0,-5.25,66.44,0,2.62,-2.25,0,05:21:08:970.568
3.12,31.62,0,-5.19,66.25,0,2.62,-2.25,0,05:21:09:60.761
3.12,31.56,0,-5.19,66.06,0,2.62,-2.25,0,05:21:09:170.489
3.12,31.5,0,-5.13,65.87,0,2.62,-2.25,0,05:21:09:273.832
3.12,31.37,0,-5.06,65.62,0,2.62,-2.25,0,05:21:09:413.901
3.06,31.25,0,-4.94,65.25,0,2.62,-2.25,0,05:21:09:648.143
3.06,31.19,0,-4.94,65.25,0,2.62,-2.25,0,05:21:09:720.754
3.06,31.12,0,-4.94,65.12,0,2.62,-2.25,0,05:21:09:813.528
3.06,31.06,0,-4.81,64.75,0,2.62,-2.25,0,05:21:09:923.072
3.06,31,0,-4.81,64.62,0,2.62,-2.25,0,05:21:10:23.713
3.06,30.94,0,-4.75,64.44,0,2.62,-2.25,0,05:21:10:103.872
3.06,30.88,0,-4.69,64.25,0,2.62,-2.25,0,05:21:10:231.192
3.06,30.75,0,-4.62,64,0,2.62,-2.25,0,05:21:10:330.154
3.06,30.62,0,-4.56,63.81,0,2.62,-2.25,0,05:21:10:454.519
3.06,30.62,0,-4.56,63.69,0,2.62,-2.25,0,05:21:10:572.395
3.06,30.56,0,-4.5,63.44,0,2.62,-2.25,0,05:21:10:661.185
3.06,30.44,0,-4.5,63.25,0,2.62,-2.25,0,05:21:10:760.474
3.06,30.37,0,-4.5,63.13,0,2.62,-2.25,0,05:21:10:859.206
3.06,30.31,0,-4.44,62.94,0,2.62,-2.25,0,05:21:10:986.053
3.06,30.25,0,-4.38,62.75,0,2.62,-2.25,0,05:21:11:59.215
3.06,30.19,0,-4.31,62.62,0,2.62,-2.25,0,05:21:11:182.505
3.06,30.12,0,-4.31,62.38,0,2.62,-2.25,0,05:21:11:272.95
3,30.06,0,-4.25,62.25,0,2.62,-2.25,0,05:21:11:370.117
3,30,0,-4.25,62.06,0,2.62,-2.25,0,05:21:11:468.864
3,29.94,0,-4.19,61.88,0,2.62,-2.25,0,05:21:11:593.699
3,29.81,0,-4.13,61.69,0,2.62,-2.25,0,05:21:11:744.238
3,29.81,0,-4.13,61.56,0,2.62,-2.25,0,05:21:11:817.836
3,29.75,0,-4.13,61.44,0,2.62,-2.25,0,05:21:11:912.334
3,29.69,0,-4.06,61.25,0,2.62,-2.25,0,05:21:12:41.077
3,29.63,0,-4.06,61.06,0,2.62,-2.25,0,05:21:12:114.505
3,29.56,0,-4,60.94,0,2.62,-2.25,0,05:21:12:227.001
3,29.44,0,-3.94,60.69,0,2.62,-2.25,0,05:21:12:336.757
3,29.37,0,-3.88,60.63,0,2.62,-2.25,0,05:21:12:552.411
3,29.37,0,-3.88,60.63,0,2.62,-2.25,0,05:21:12:663.152
2.94,29.31,0,-3.88,60.63,0,2.62,-2.25,0,05:21:12:762.908
2.94,29.25,0,-3.88,60.63,0,2.62,-2.25,0,05:21:12:861.149
2.94,29.19,0,-3.88,60.56,0,2.62,-2.25,0,05:21:12:967.827
2.94,29.12,0,-3.88,60.63,0,2.62,-2.25,0,05:21:13:63.451
2.94,29.12,0,-3.81,60.56,0,2.62,-2.25,0,05:21:13:163.596
2.94,29.06,0,-3.88,60.56,0,2.62,-2.25,0,05:21:13:269.664
2.94,29.06,0,-3.81,60.56,0,2.62,-2.25,0,05:21:13:367.787
2.94,29,0,-3.81,60.56,0,2.62,-2.25,0,05:21:13:470.668
2.94,29,0,-3.81,60.5,0,2.62,-2.25,0,05:21:13:575.613
2.94,29,0,-3.81,60.5,0,2.62,-2.25,0,05:21:13:657.032
2.94,28.94,0,-3.81,60.44,0,2.62,-2.25,0,05:21:13:780.96
2.94,28.94,0,-3.81,60.44,0,2.62,-2.25,0,05:21:13:861.23
2.94,28.94,0,-3.81,60.44,0,2.62,-2.25,0,05:21:13:963.681
2.94,28.94,0,-3.81,60.44,0,2.62,-2.25,0,05:21:14:70.857
2.94,28.94,0,-3.81,60.38,0,2.62,-2.25,0,05:21:14:160.593
2.94,28.94,0,-3.81,60.31,0,2.62,-2.25,0,05:21:14:299.914
2.94,28.94,0,-3.81,60.31,0,2.62,-2.25,0,05:21:14:417.648
2.94,28.94,0,-3.75,60.25,0,2.62,-2.25,0,05:21:14:514.506
2.94,28.94,0,-3.75,60.25,0,2.62,-2.25,0,05:21:14:622.725
2.94,28.94,0,-3.81,60.19,0,2.62,-2.25,0,05:21:14:711.35
2.94,28.94,0,-3.81,60.12,0,2.62,-2.25,0,05:21:14:820.21
2.94,28.94,0,-3.81,60.06,0,2.56,-2.25,0,05:21:14:911.949
2.94,28.94,0,-3.75,60.06,0,2.62,-2.25,0,05:21:15:21.417
2.94,28.94,0,-3.75,60,0,2.62,-2.25,0,05:21:15:117.205
2.94,28.94,0,-3.75,59.94,0,2.62,-2.25,0,05:21:15:225.658
2.94,28.94,0,-3.75,59.88,0,2.62,-2.25,0,05:21:15:312.567
2.94,28.94,0,-3.75,59.81,0,2.62,-2.25,0,05:21:15:417.558
2.94,28.94,0,-3.75,59.75,0,2.56,-2.25,0,05:21:15:505.974
2.94,28.94,0,-3.75,59.75,0,2.62,-2.25,0,05:21:15:609.932
2.94,28.94,0,-3.69,59.69,0,2.62,-2.19,0,05:21:15:732.81
2.94,28.94,0,-3.69,59.63,0,2.62,-2.19,0,05:21:15:810.766
2.94,28.94,0,-3.69,59.63,0,2.62,-2.19,0,05:21:15:924.102
2.94,28.94,0,-3.69,59.56,0,2.56,-2.19,0,05:21:16:10.559
2.94,28.94,0,-3.69,59.56,0,2.56,-2.19,0,05:21:16:125.671
2.94,28.94,0,-3.69,59.5,0,2.56,-2.19,0,05:21:16:217.917
2.94,28.94,0,-3.69,59.5,0,2.62,-2.19,0,05:21:16:325.33
2.94,28.94,0,-3.69,59.44,0,2.62,-2.19,0,05:21:16:448.492
2.94,28.94,0,-3.69,59.44,0,2.62,-2.19,0,05:21:16:573.638
2.94,28.94,0,-3.69,59.44,0,2.62,-2.19,0,05:21:16:675.065
2.94,28.94,0,-3.69,59.44,0,2.56,-2.19,0,05:21:16:768.363
2.94,28.94,0,-3.69,59.44,0,2.56,-2.19,0,05:21:16:872.368
2.94,28.94,0,-3.69,59.44,0,2.56,-2.19,0,05:21:16:962.573
2.94,28.94,0,-3.69,59.44,0,2.62,-2.19,0,05:21:17:62.756
2.94,28.94,0,-3.69,59.44,0,2.62,-2.19,0,05:21:17:186.507
2.94,28.94,0,-3.69,59.44,0,2.62,-2.19,0,05:21:17:282.35
2.94,28.94,0,-3.69,59.44,0,2.62,-2.19,0,05:21:17:369.443
2.94,28.94,0,-3.69,59.44,0,2.62,-2.19,0,05:21:17:494.992
2.94,28.94,0,-3.69,59.44,0,2.62,-2.19,0,05:21:17:612.521
2.94,28.94,0,-3.69,59.44,0,2.62,-2.19,0,05:21:17:727.888
2.94,28.94,0,-3.69,59.5,0,2.62,-2.19,0,05:21:17:812.81
2.94,28.94,0,-3.69,59.56,0,2.62,-2.19,0,05:21:17:910.046
2.94,28.94,0,-3.69,59.69,0,2.62,-2.19,0,05:21:18:18.262
2.94,28.94,0,-3.75,59.75,0,2.62,-2.12,0,05:21:18:114.885
2.94,28.94,0,-3.75,59.81,0,2.62,-2.12,0,05:21:18:218.026
2.94,28.94,0,-3.75,59.94,0,2.62,-2.12,0,05:21:18:341.865
2.94,28.94,0,-3.75,60.06,0,2.62,-2.12,0,05:21:18:476.54
2.94,28.94,0,-3.75,60.12,0,2.56,-2.12,0,05:21:18:565.571
2.94,28.94,0,-3.75,60.25,0,2.56,-2.12,0,05:21:18:670.617
2.94,28.94,0,-3.81,60.31,0,2.56,-2.12,0,05:21:18:792.474
2.94,28.94,0,-3.81,60.38,0,2.62,-2.12,0,05:21:18:869.041
2.94,28.94,0,-3.81,60.44,0,2.62,-2.12,0,05:21:18:966.737
2.94,28.94,0,-3.81,60.5,0,2.62,-2.12,0,05:21:19:273.714
2.94,28.94,0,-3.81,60.5,0,2.62,-2.12,0,05:21:19:279.656
2.94,28.94,0,-3.81,60.5,0,2.62,-2.12,0,05:21:19:309.577
2.94,28.94,0,-3.81,60.56,0,2.62,-2.12,0,05:21:19:365.397
2.94,28.94,0,-3.81,60.56,0,2.62,-2.12,0,05:21:19:503.142
2.94,28.94,0,-3.81,60.56,0,2.56,-2.12,0,05:21:19:561.831
2.94,28.94,0,-3.81,60.56,0,2.62,-2.12,0,05:21:19:671.999
2.94,28.94,0,-3.81,60.56,0,2.62,-2.12,0,05:21:19:771.946
2.94,28.94,0,-3.81,60.56,0,2.62,-2.12,0,05:21:19:867.321
2.94,28.94,0,-3.81,60.56,0,2.62,-2.12,0,05:21:19:959.196
2.94,28.94,0,-3.81,60.56,0,2.62,-2.12,0,05:21:20:60.248
2.94,28.94,0,-3.81,60.56,0,2.62,-2.12,0,05:21:20:164.801
2.94,28.94,0,-3.81,60.56,0,2.62,-2.12,0,05:21:20:291.716
2.94,28.94,0,-3.81,60.56,0,2.62,-2.12,0,05:21:20:415.043
2.94,28.94,0,-3.81,60.56,0,2.62,-2.12,0,05:21:20:512.263
2.94,28.94,0,-3.81,60.63,0,2.62,-2.12,0,05:21:20:622.809
2.94,28.94,0,-3.88,60.69,0,2.62,-2.12,0,05:21:20:713.862
2.94,28.94,0,-3.88,60.75,0,2.62,-2.12,0,05:21:20:855.437
2.94,28.94,0,-3.88,60.81,0,2.62,-2.12,0,05:21:20:903.071
2.94,28.94,0,-3.88,60.88,0,2.62,-2.12,0,05:21:21:20.867
2.94,28.94,0,-3.94,61,0,2.62,-2.06,0,05:21:21:119.935
2.94,28.94,0,-3.94,61.13,0,2.62,-2.06,0,05:21:21:226.153
2.94,28.94,0,-4,61.19,0,2.62,-2.06,0,05:21:21:314.367
2.94,28.94,0,-4,61.31,0,2.62,-2.06,0,05:21:21:446.597
2.94,28.94,0,-4.06,61.5,0,2.62,-2.06,0,05:21:21:592.558
2.94,28.94,0,-4.06,61.63,0,2.62,-2.06,0,05:21:21:720.437
2.94,28.94,0,-4.13,61.75,0,2.62,-2.06,0,05:21:21:805.11
2.94,29,0,-4.13,61.88,0,2.62,-2.06,0,05:21:21:911.168
2.94,29.06,0,-4.19,62.06,0,2.62,-2.06,0,05:21:22:164.708
2.94,29.12,0,-4.19,62.06,0,2.62,-2.06,0,05:21:22:175.785
2.94,29.19,0,-4.25,62.25,0,2.62,-2.06,0,05:21:22:228.967
3,29.31,0,-4.31,62.56,0,2.62,-2.06,0,05:21:22:459.538
3,29.37,0,-4.38,62.69,0,2.62,-2,0,05:21:22:586.02
3,29.44,0,-4.38,62.88,0,2.62,-2,0,05:21:22:657.019
3,29.5,0,-4.44,63,0,2.62,-2,0,05:21:22:818.906
3,29.56,0,-4.44,63.13,0,2.62,-2,0,05:21:22:858.608
3,29.63,0,-4.5,63.19,0,2.62,-2,0,05:21:22:964.949
3,29.69,0,-4.5,63.38,0,2.62,-2,0,05:21:23:64.046
3,29.75,0,-4.56,63.56,0,2.62,-2,0,05:21:23:197.646
3,29.75,0,-4.62,63.69,0,2.62,-2,0,05:21:23:284.93
3,29.87,0,-4.69,63.94,0,2.62,-2,0,05:21:23:453.259
3,29.94,0,-4.69,64.06,0,2.62,-2,0,05:21:23:562.822
3,30,0,-4.69,64.25,0,2.62,-2,0,05:21:23:661.373
3,30.06,0,-4.75,64.37,0,2.62,-2,0,05:21:23:765.849
3,30.12,0,-4.81,64.5,0,2.62,-2,0,05:21:23:862.427
3,30.12,0,-4.81,64.62,0,2.62,-2,0,05:21:23:970.333
3.06,30.19,0,-4.88,64.81,0,2.62,-2,0,05:21:24:59.474
3.06,30.25,0,-4.89875,64.94,0,2.62,-2,0,05:21:24:181.592
3.06,30.37,0,-4.9175,65.19,0,2.62,-2,0,05:21:24:312.225
3.06,30.44,0,-4.93625,65.31,0,2.69,-2,0,05:21:24:413.655
3.06,30.5,0,-4.955,65.44,0,2.62,-2,0,05:21:24:515.384
3.06,30.56,0,-4.97375,65.62,0,2.62,-2,0,05:21:24:636.864
3.06,30.62,0,-4.9925,65.75,0,2.62,-2,0,05:21:24:712.284
3.06,30.62,0,-5.01125,65.87,0,2.62,-2,0,05:21:24:817.834
3.06,30.75,0,-5.03,66.06,0,2.62,-2,0,05:21:24:935.662
3.06,30.75,0,-5.04875,66.19,0,2.56,-2,0,05:21:25:9.093
3.06,30.81,0,-5.0675,66.37,0,2.56,-2,0,05:21:25:118.191
3.06,30.88,0,-5.08625,66.5,0,2.56,-2,0,05:21:25:215.935
3.12,31,0,-5.105,66.69,0,2.56,-2,0,05:21:25:321.363
3.12,31,0,-5.12375,66.75,0,2.56,-2,0,05:21:25:408.379
3.12,31.06,0,-5.1425,66.94,0,2.56,-2,0,05:21:25:518.037
3.12,31.19,0,-5.16125,67.12,0,2.56,-2,0,05:21:25:623.164
3.12,31.19,0,-5.18,67.25,0,2.56,-2,0,05:21:25:722.434
3.12,31.31,0,-5.19875,67.44,0,2.56,-2,0,05:21:25:827.542
3.12,31.37,0,-5.2175,67.56,0,2.56,-2,0,05:21:25:910.636
3.12,31.37,0,-5.23625,67.62,0,2.56,-2,0,05:21:26:23.008
3.12,31.44,0,-5.255,67.81,0,2.56,-2,0,05:21:26:125.763
3.12,31.56,0,-5.27375,67.94,0,2.56,-2,0,05:21:26:226.871
3.12,31.62,0,-5.2925,68.06,0,2.56,-2,0,05:21:26:337.524
3.12,31.69,0,-5.31125,68.37,0,2.56,-2,0,05:21:26:426.232
3.12,31.75,0,-5.33,68.5,0,2.56,-2,0,05:21:26:518.744
3.12,31.81,0,-5.34875,68.62,0,2.56,-2,0,05:21:26:627.799
3.12,31.87,0,-5.3675,68.81,0,2.56,-2,0,05:21:26:749.591
3.12,31.94,0,-5.38625,68.94,0,2.56,-2,0,05:21:26:813.525
3.12,32,0,-5.405,69.12,0,2.56,-2,0,05:21:26:941.595
3.19,32.06,0,-5.42375,69.25,0,2.56,-2,0,05:21:27:11.685
3.19,32.13,0,-5.4425,69.44,0,2.56,-2,0,05:21:27:132.891
3.19,32.19,0,-5.46125,69.56,0,2.62,-2,0,05:21:27:206.816
3.19,32.25,0,-5.48,69.75,0,2.56,-2,0,05:21:27:334.329
3.19,32.31,0,-5.49875,69.94,0,2.56,-2,0,05:21:27:425.965
3.19,32.38,0,-5.5175,70.06,0,2.56,-2,0,05:21:27:508.796
3.19,32.44,0,-5.53625,70.25,0,2.56,-2,0,05:21:27:618.898
3.19,32.5,0,-5.555,70.44,0,2.56,-2,0,05:21:27:708.342
3.19,32.56,0,-5.57375,70.56,0,2.56,-2,0,05:21:27:821.913
3.19,32.63,0,-5.5925,70.69,0,2.56,-2,0,05:21:27:916.744
3.19,32.69,0,-5.61125,70.87,0,2.56,-2,0,05:21:28:9.331
3.19,32.75,0,-5.63,71,0,2.56,-2,0,05:21:28:107.813
3.19,32.88,0,-5.64875,71.19,0,2.56,-2,0,05:21:28:216.165
3.19,32.94,0,-5.6675,71.37,0,2.56,-2,0,05:21:28:338.382
3.19,33.06,0,-5.68625,71.75,0,2.56,-2,0,05:21:28:544.78
3.19,33.13,0,-5.705,71.94,0,2.56,-2,0,05:21:28:660.928
3.25,33.19,0,-5.72375,72.06,0,2.56,-2,0,05:21:28:767.555
3.25,33.25,0,-5.7425,72.25,0,2.56,-2,0,05:21:28:871.309
3.25,33.38,0,-5.76125,72.44,0,2.56,-2,0,05:21:28:967.706
3.25,33.44,0,-5.78,72.62,0,2.56,-2,0,05:21:29:65.225
3.25,33.5,0,-5.79875,72.69,0,2.62,-1.94,0,05:21:29:164.866
3.25,33.56,0,-5.8175,72.94,0,2.62,-2,0,05:21:29:269.214
3.25,33.63,0,-5.83625,73,0,2.62,-1.94,0,05:21:29:369.727
3.25,33.75,0,-5.855,73.25,0,2.56,-1.94,0,05:21:29:477.532
3.25,33.81,0,-5.87375,73.44,0,2.56,-1.94,0,05:21:29:585.194
3.25,33.88,0,-5.8925,73.62,0,2.62,-1.94,0,05:21:29:664.998
3.25,33.94,0,-5.91125,73.69,0,2.62,-1.94,0,05:21:29:766.139
3.25,34,0,-5.93,73.94,0,2.62,-1.94,0,05:21:29:879.468
3.25,34.06,0,-5.94875,74.12,0,2.62,-1.94,0,05:21:29:960.575
3.25,34.19,0,-5.9675,74.37,0,2.56,-1.94,0,05:21:30:59.307
3.25,34.25,0,-5.98625,74.5,0,2.62,-1.94,0,05:21:30:171.659
3.31,34.31,0,-6.005,74.75,0,2.56,-1.87,0,05:21:30:285.562
3.31,34.44,0,-6.02375,75,0,2.56,-1.94,0,05:21:30:420.965
3.31,34.5,0,-6.0425,75.12,0,2.56,-1.87,0,05:21:30:514.98
3.31,34.63,0,-6.06125,75.37,0,2.56,-1.87,0,05:21:30:613.378
3.31,34.69,0,-6.08,75.56,0,2.5,-1.87,0,05:21:30:713.366
3.31,34.75,0,-6.09875,75.69,0,2.44,-1.87,0,05:21:30:811.318
3.31,34.88,0,-6.1175,75.94,0,2.56,-1.87,0,05:21:30:911.266
3.31,34.94,0,-6.13625,76.12,0,2.62,-1.87,0,05:21:31:9.052
3.31,35,0,-6.155,76.31,0,2.56,-1.87,0,05:21:31:150.219
3.31,35.06,0,-6.17375,76.56,0,2.56,-1.87,0,05:21:31:215.576
3.37,35.19,0,-6.1925,76.62,0,2.56,-1.87,0,05:21:31:323.141
3.37,35.25,0,-6.21125,76.94,0,2.56,-1.87,0,05:21:31:419.911
3.37,35.38,0,-6.23,77.12,0,2.5,-1.87,0,05:21:31:533.603
3.37,35.44,0,-6.24875,77.37,0,2.56,-1.87,0,05:21:31:627.248
3.37,35.5,0,-6.2675,77.5,0,2.56,-1.87,0,05:21:31:706.09
3.37,35.63,0,-6.28625,77.69,0,2.56,-1.81,0,05:21:31:840.597
3.37,35.69,0,-6.305,77.94,0,2.56,-1.81,0,05:21:31:912.327
3.37,35.81,0,-6.32375,78.12,0,2.62,-1.81,0,05:21:32:26.843
3.37,35.88,0,-6.3425,78.37,0,2.62,-1.87,0,05:21:32:134.09
3.37,36,0,-6.36125,78.62,0,2.56,-1.87,0,05:21:32:242.965
3.44,36.06,0,-6.38,78.87,0,2.56,-1.87,0,05:21:32:357.368
3.44,36.19,0,-6.39875,79.06,0,2.56,-1.87,0,05:21:32:435.94
3.44,36.31,0,-6.4175,79.44,0,2.56,-1.87,0,05:21:32:594.714
3.44,36.44,0,-6.43625,79.69,0,2.56,-1.87,0,05:21:32:731.256
3.44,36.5,0,-6.455,79.94,0,2.56,-1.94,0,05:21:32:811.014
3.44,36.63,0,-6.47375,80,0,2.56,-1.94,0,05:21:32:916.246
3.44,36.75,0,-6.4925,80.327368,0,2.56,-1.94,0,05:21:33:11.193
3.44,36.81,0,-6.51125,80.654736,0,2.56,-1.94,0,05:21:33:110.588
3.44,36.94,0,-6.53,80.982104,0,2.56,-1.94,0,05:21:33:218.378
3.5,37,0,-6.54875,81.309472,0,2.56,-1.94,0,05:21:33:339.566
3.5,37.13,0,-6.5675,81.63684,0,2.56,-1.94,0,05:21:33:415.129
3.5,37.19,0,-6.58625,81.964208,0,2.62,-1.87,0,05:21:33:527.18
3.5,37.31,0,-6.605,82.291576,0,2.62,-1.87,0,05:21:33:619.714
3.5,37.38,0,-6.62375,82.618944,0,2.62,-1.87,0,05:21:33:710.987
3.5,37.44,0,-6.6425,82.946312,0,2.62,-1.87,0,05:21:33:820.855
3.5,37.56,0,-6.66125,83.27368,0,2.62,-1.87,0,05:21:33:954.162
3.5,37.69,0,-6.68,83.601048,0,2.56,-1.87,0,05:21:34:36.658
3.56,37.75,0,-6.69875,83.928416,0,2.5,-1.87,0,05:21:34:125.984
3.56,37.88,0,-6.7175,84.255784,0,2.5,-1.87,0,05:21:34:215.291
3.56,38,0,-6.73625,84.583152,0,2.5,-1.87,0,05:21:34:329.096
3.56,38.13,0,-6.755,84.91052,0,2.5,-1.87,0,05:21:34:443.67
3.56,38.25,0,-6.77375,85.237888,0,2.56,-1.87,0,05:21:34:564.643
3.56,38.38,0,-6.7925,85.565256,0,2.56,-1.87,0,05:21:34:661.125
3.56,38.44,0,-6.81125,85.892624,0,2.5,-1.87,0,05:21:34:771.394
3.56,38.5,0,-6.83,86.219992,0,2.56,-1.87,0,05:21:34:866.008
3.62,38.63,0,-6.84875,86.54736,0,2.56,-1.87,0,05:21:34:963.491
3.62,38.75,0,-6.8675,86.874728,0,2.56,-1.87,0,05:21:35:88.824
3.62,38.88,0,-6.88625,87.202096,0,2.56,-1.87,0,05:21:35:160.504
3.62,38.94,0,-6.905,87.529464,0,2.56,-1.87,0,05:21:35:268.88
3.62,39.06,0,-6.92375,87.856832,0,2.56,-1.87,0,05:21:35:376.367
3.62,39.19,0,-6.9425,88.1842,0,2.56,-1.87,0,05:21:35:466.268
3.62,39.31,0,-6.96125,88.511568,0,2.56,-1.81,0,05:21:35:593.517
3.62,39.38,0,-6.98,88.838936,0,2.56,-1.81,0,05:21:35:662.826
3.62,39.44,0,-6.99875,89.166304,0,2.62,-1.81,0,05:21:35:762.406
3.62,39.56,0,-7.0175,89.493672,0,2.62,-1.81,0,05:21:35:860.881
3.62,39.69,0,-7.03625,89.82104,0,2.62,-1.81,0,05:21:35:985.375
3.69,39.81,0,-7.055,90.148408,0,2.56,-1.81,0,05:21:36:95.937
3.69,39.94,0,-7.07375,90.475776,0,2.62,-1.81,0,05:21:36:163.375
3.69,40,0,-7.0925,90.803144,0,2.62,-1.81,0,05:21:36:294.682
3.69,40.19,0,-7.11125,91.130512,0,2.62,-1.81,0,05:21:36:420.854
3.69,40.31,0,-7.13,91.45788,0,2.62,-1.81,0,05:21:36:511.898
3.75,40.38,0,-7.14875,91.785248,0,2.62,-1.81,0,05:21:36:614.983
3.75,40.56,0,-7.1675,92.112616,0,2.62,-1.81,0,05:21:36:709.061
3.75,40.63,0,-7.18625,92.439984,0,2.62,-1.81,0,05:21:36:815.369
3.75,40.75,0,-7.205,92.767352,0,2.62,-1.81,0,05:21:36:911.957
3.75,40.81,0,-7.22375,93.0414844,0,2.62,-1.81,0,05:21:37:39.325
3.75,40.94,0,-7.2425,93.3156168,0,2.62,-1.81,0,05:21:37:105.644
3.81,41.06,0,-7.26125,93.5897492,0,2.62,-1.81,0,05:21:37:229.113
3.81,41.13,0,-7.28,93.8638816,0,2.62,-1.81,0,05:21:37:311.712
3.81,41.25,0,-7.29875,94.138014,0,2.62,-1.81,0,05:21:37:444.69
3.81,41.37,0,-7.3175,94.4121464,0,2.62,-1.81,0,05:21:37:519.285
3.81,41.5,0,-7.33625,94.6862788,0,2.62,-1.81,0,05:21:37:621.779
3.81,41.69,0,-7.355,94.9604112,0,2.62,-1.81,0,05:21:37:712.447
3.87,41.81,0,-7.37375,95.2345436,0,2.62,-1.81,0,05:21:37:833.977
3.87,42,0,-7.3925,95.508676,0,2.62,-1.81,0,05:21:37:917.036
3.87,42.06,0,-7.41125,95.7828084,0,2.62,-1.81,0,05:21:38:32.847
3.87,42.19,0,-7.43,96.0569408,0,2.62,-1.81,0,05:21:38:110.299
3.87,42.31,0,-7.44875,96.3310732,0,2.62,-1.81,0,05:21:38:228.714
3.94,42.5,0,-7.4675,96.6052056,0,2.62,-1.81,0,05:21:38:342.492
3.94,42.56,0,-7.48625,96.879338,0,2.62,-1.81,0,05:21:38:414.456
3.94,42.69,0,-7.505,97.1534704,0,2.62,-1.81,0,05:21:38:542.064
3.94,42.94,0,-7.52375,97.4276028,0,2.62,-1.81,0,05:21:38:679.903
3.94,43,0,-7.5425,97.7017352,0,2.62,-1.81,0,05:21:38:765.391
4,43.13,0,-7.56125,97.9758676,0,2.62,-1.81,0,05:21:38:903.143
4,43.31,0,-7.58,98.25,0,2.62,-1.81,0,05:21:38:973.162
4,43.44,0,-7.59875,98.5241324,0,2.69,-1.81,0,05:21:39:58.689
4,43.56,0,-7.6175,98.25,0,2.62,-1.81,0,05:21:39:194.769
4.06,43.69,0,-7.63625,98.69,0,2.62,-1.81,0,05:21:39:317.432
4.06,43.81,0,-7.655,98.94,0,2.56,-1.81,0,05:21:39:412.406
4.06,43.94,0,-7.67375,99.31,0,2.56,-1.81,0,05:21:39:542.407
4.06,44.06,0,-7.6925,99.62,0,2.56,-1.81,0,05:21:39:684.999
4.12,44.13,0,-7.71125,99.94,0,2.62,-1.75,0,05:21:39:759.32
4.12,44.31,0,-7.73,100.44,0,2.56,-1.81,0,05:21:39:929.741
4.12,44.38,0,-7.74875,100.5,0,2.62,-1.75,0,05:21:39:965.225
4.12,44.5,0,-7.7675,100.81,0,2.62,-1.75,0,05:21:40:86.109
4.12,44.56,0,-7.78625,101.13,0,2.5,-1.75,0,05:21:40:162.63
4.12,44.69,0,-7.805,101.44,0,2.56,-1.75,0,05:21:40:286.961
4.12,44.81,0,-7.82375,101.88,0,2.56,-1.81,0,05:21:40:410.819
4.12,44.94,0,-7.8425,102.19,0,2.5,-1.75,0,05:21:40:539.336
4.19,45,0,-7.86125,102.5,0,2.56,-1.75,0,05:21:40:622.154
4.19,45.12,0,-7.88,102.75,0,2.56,-1.75,0,05:21:40:701.212
4.19,45.25,0,-7.89875,103.13,0,2.62,-1.75,0,05:21:40:813.126
4.19,45.38,0,-7.9175,103.38,0,2.62,-1.75,0,05:21:40:910.631
4.19,45.5,0,-7.93625,103.69,0,2.56,-1.81,0,05:21:41:12.065
4.19,45.56,0,-7.955,103.81,0,2.5,-1.81,0,05:21:41:116.972
4.19,45.5,0,-7.97375,103.75,0,2.5,-1.75,0,05:21:41:228.767
4.25,45.5,0,-7.9925,103.75,0,2.62,-1.75,0,05:21:41:318.35
4.19,45.5,0,-8.01125,103.75,0,2.56,-1.75,0,05:21:41:420.381
4.19,45.5,0,-8.03,103.75,0,2.56,-1.75,0,05:21:41:549.263
4.19,45.5,0,-8.04875,103.81,0,2.5,-1.75,0,05:21:41:600.69
4.19,45.5,0,-8.0675,103.81,0,2.56,-1.81,0,05:21:41:713.392
4.19,45.5,0,-8.08625,103.81,0,2.5,-1.81,0,05:21:41:818.093
4.25,45.5,0,-8.105,103.75,0,2.56,-1.81,0,05:21:41:928.715
4.25,45.56,0,-8.12375,103.81,0,2.56,-1.81,0,05:21:42:13.578
4.25,45.56,0,-8.1425,103.81,0,2.62,-1.81,0,05:21:42:133.361
4.25,45.56,0,-8.16125,103.81,0,2.62,-1.81,0,05:21:42:228.778
4.25,45.63,0,-8.18,103.88,0,2.62,-1.81,0,05:21:42:336.529
4.25,45.69,0,-8.19875,103.88,0,2.62,-1.81,0,05:21:42:418.628
4.25,45.75,0,-8.2175,103.88,0,2.56,-1.81,0,05:21:42:508.427
4.25,45.75,0,-8.23625,103.94,0,2.62,-1.81,0,05:21:42:644.383
4.25,45.81,0,-8.255,103.94,0,2.56,-1.81,0,05:21:42:768.373
4.25,45.88,0,-8.27375,103.94,0,2.56,-1.81,0,05:21:42:861.981
4.25,45.94,0,-8.2925,103.94,0,2.56,-1.81,0,05:21:42:959.879
4.25,46,0,-8.31125,104,0,2.56,-1.81,0,05:21:43:59.817
4.25,46,0,-8.33,104,0,2.56,-1.81,0,05:21:43:163.828
4.25,46.06,0,-8.34875,104,0,2.56,-1.81,0,05:21:43:276.423
4.25,46.13,0,-8.3675,104.06,0,2.62,-1.81,0,05:21:43:353.014
4.25,46.13,0,-8.38625,104.06,0,2.56,-1.81,0,05:21:43:474.463
4.25,46.19,0,-8.405,104.06,0,2.56,-1.81,0,05:21:43:557.851
4.25,46.19,0,-8.42375,104.06,0,2.62,-1.81,0,05:21:43:671.041
4.31,46.25,0,-8.4425,104.13,0,2.62,-1.81,0,05:21:43:770.037
4.31,46.25,0,-8.46125,104.13,0,2.56,-1.81,0,05:21:43:886.273
4.31,46.31,0,-8.48,104.19,0,2.56,-1.81,0,05:21:43:969.246
4.31,46.31,0,-8.49875,104.19,0,2.56,-1.75,0,05:21:44:116.139
4.31,46.31,0,-8.5175,104.25,0,2.56,-1.81,0,05:21:44:158.227
4.31,46.37,0,-8.53625,104.25,0,2.56,-1.81,0,05:21:44:275.725
4.31,46.37,0,-8.555,104.25,0,2.56,-1.75,0,05:21:44:365.005
4.31,46.37,0,-8.57375,104.25,0,2.56,-1.75,0,05:21:44:470.716
4.31,46.37,0,-8.5925,104.31,0,2.56,-1.75,0,05:21:44:591.593
4.31,46.37,0,-8.61125,104.31,0,2.56,-1.75,0,05:21:44:719.799
4.31,46.37,0,-8.63,104.38,0,2.56,-1.75,0,05:21:44:814.896
4.31,46.37,0,-8.63,104.38,0,2.56,-1.75,0,05:21:44:925.36
4.31,46.37,0,-8.63,104.44,0,2.56,-1.75,0,05:21:45:12.113
4.31,46.37,0,-8.63,104.44,0,2.56,-1.75,0,05:21:45:114.139
4.31,46.37,0,-8.63,104.44,0,2.56,-1.75,0,05:21:45:209.702
4.31,46.37,0,-8.56,104.5,0,2.56,-1.75,0,05:21:45:325.18
4.31,46.37,0,-8.56,104.5,0,2.56,-1.75,0,05:21:45:425.86
4.31,46.37,0,-8.56,104.56,0,2.56,-1.75,0,05:21:45:522.791
4.31,46.37,0,-8.5,104.56,0,2.56,-1.75,0,05:21:45:614.52
4.31,46.37,0,-8.5,104.63,0,2.56,-1.75,0,05:21:45:709.697
4.31,46.37,0,-8.5,104.63,0,2.62,-1.75,0,05:21:45:843.887
4.31,46.37,0,-8.5,104.63,0,2.56,-1.75,0,05:21:45:913.8
4.31,46.37,0,-8.5,104.69,0,2.56,-1.75,0,05:21:46:26.323
4.31,46.37,0,-8.44,104.69,0,2.56,-1.75,0,05:21:46:101.146
4.31,46.37,0,-8.44,104.75,0,2.56,-1.75,0,05:21:46:222.753
4.31,46.37,0,-8.38,104.75,0,2.56,-1.75,0,05:21:46:318.222
4.31,46.37,0,-8.38,104.81,0,2.56,-1.75,0,05:21:46:421.881
4.31,46.37,0,-8.31,104.81,0,2.56,-1.75,0,05:21:46:515.246
4.31,46.37,0,-8.31,104.88,0,2.56,-1.75,0,05:21:46:637.873
4.31,46.37,0,-8.31,104.88,0,2.56,-1.75,0,05:21:46:712.123
4.31,46.37,0,-8.31,104.94,0,2.56,-1.75,0,05:21:46:834.742
4.31,46.37,0,-8.31,104.94,0,2.56,-1.75,0,05:21:46:912.079
4.31,46.37,0,-8.31,105,0,2.56,-1.75,0,05:21:47:10.545
4.31,46.37,0,-8.25,105.06,0,2.56,-1.75,0,05:21:47:122.193
4.31,46.37,0,-8.25,105.13,0,2.56,-1.75,0,05:21:47:216.475
4.31,46.37,0,-8.19,105.19,0,2.56,-1.75,0,05:21:47:351.135
4.31,46.37,0,-8.19,105.25,0,2.56,-1.81,0,05:21:47:479.58
4.31,46.37,0,-8.13,105.31,0,2.56,-1.81,0,05:21:47:564.71
4.31,46.37,0,-8.06,105.31,0,2.56,-1.81,0,05:21:47:679.278
4.31,46.37,0,-8.06,105.44,0,2.56,-1.75,0,05:21:47:767.308
4.31,46.37,0,-8.06,105.44,0,2.56,-1.75,0,05:21:47:862.138
4.31,46.37,0,-8,105.5,0,2.56,-1.75,0,05:21:47:959.487
4.31,46.37,0,-8,105.56,0,2.56,-1.75,0,05:21:48:69.659
4.31,46.37,0,-8,105.56,0,2.56,-1.75,0,05:21:48:166.567
4.31,46.37,0,-8,105.63,0,2.56,-1.75,0,05:21:48:297.651
4.31,46.37,0,-8,105.63,0,2.56,-1.75,0,05:21:48:423.201
4.31,46.37,0,-8,105.69,0,2.56,-1.75,0,05:21:48:512.74
4.31,46.37,0,-7.94,105.69,0,2.56,-1.75,0,05:21:48:627.01
4.31,46.37,0,-7.94,105.75,0,2.56,-1.75,0,05:21:48:708.444
4.31,46.37,0,-7.94,105.75,0,2.56,-1.75,0,05:21:48:821.308
4.31,46.37,0,-7.94,105.75,0,2.56,-1.75,0,05:21:48:909.395
4.31,46.37,0,-7.94,105.75,0,2.62,-1.75,0,05:21:49:17.401
4.31,46.37,0,-7.94,105.75,0,2.62,-1.75,0,05:21:49:109.389
4.31,46.37,0,-7.94,105.75,0,2.62,-1.81,0,05:21:49:220.885
4.31,46.37,0,-7.94,105.75,0,2.56,-1.81,0,05:21:49:332.508
4.31,46.37,0,-7.94,105.75,0,2.56,-1.81,0,05:21:49:414.64
4.31,46.37,0,-7.94,105.75,0,2.56,-1.81,0,05:21:49:557.818
4.31,46.37,0,-7.94,105.75,0,2.56,-1.81,0,05:21:49:655.454
4.31,46.37,0,-7.94,105.75,0,2.56,-1.81,0,05:21:49:759.676
4.31,46.37,0,-7.94,105.75,0,2.56,-1.81,0,05:21:49:864.449
4.31,46.37,0,-7.94,105.75,0,2.62,-1.81,0,05:21:49:960.316
4.31,46.37,0,-7.94,105.75,0,2.56,-1.81,0,05:21:50:65.274
4.31,46.37,0,-7.94,105.75,0,2.56,-1.81,0,05:21:50:166.78
4.31,46.37,0,-7.94,105.75,0,2.56,-1.81,0,05:21:50:291.851
4.31,46.37,0,-7.94,105.75,0,2.56,-1.81,0,05:21:50:417.288
4.31,46.37,0,-7.94,105.75,0,2.56,-1.81,0,05:21:50:521.127
4.31,46.37,0,-7.94,105.75,0,2.56,-1.81,0,05:21:50:604.555
4.31,46.37,0,-7.94,105.75,0,2.56,-1.75,0,05:21:50:709.27
4.31,46.37,0,-7.94,105.75,0,2.56,-1.75,0,05:21:50:823.868
4.31,46.37,0,-7.94,105.75,0,2.56,-1.75,0,05:21:50:908.585
4.31,46.37,0,-7.94,105.75,0,2.56,-1.81,0,05:21:51:14.549
4.31,46.37,0,-7.94,105.75,0,2.56,-1.81,0,05:21:51:108.843
4.31,46.37,0,-7.94,105.75,0,2.56,-1.81,0,05:21:51:232.878
4.31,46.37,0,-7.94,105.75,0,2.5,-1.81,0,05:21:51:316.476
4.31,46.37,0,-7.94,105.75,0,2.56,-1.81,0,05:21:51:434.813
4.31,46.37,0,-7.94,105.75,0,2.56,-1.81,0,05:21:51:503.853
4.31,46.37,0,-7.94,105.75,0,2.56,-1.81,0,05:21:51:622.422
4.31,46.37,0,-7.94,105.75,0,2.56,-1.81,0,05:21:51:708.892
4.31,46.37,0,-7.94,105.75,0,2.5,-1.81,0,05:21:51:822.121
4.31,46.37,0,-7.94,105.75,0,2.5,-1.87,0,05:21:51:912.935
4.31,46.37,0,-7.94,105.75,0,2.5,-1.87,0,05:21:52:17.263
4.31,46.37,0,-7.94,105.75,0,2.5,-1.87,0,05:21:52:129.675
4.31,46.37,0,-7.94,105.75,0,2.56,-1.81,0,05:21:52:217.751
4.31,46.37,0,-7.94,105.75,0,2.56,-1.87,0,05:21:52:338.378
4.31,46.37,0,-7.94,105.75,0,2.56,-1.81,0,05:21:52:432.496
4.31,46.37,0,-7.94,105.75,0,2.56,-1.81,0,05:21:52:555.902
4.31,46.37,0,-7.94,105.75,0,2.56,-1.81,0,05:21:52:613.024
4.31,46.37,0,-7.94,105.75,0,2.56,-1.81,0,05:21:52:716.131
4.31,46.37,0,-7.94,105.75,0,2.56,-1.81,0,05:21:52:808.226
4.31,46.37,0,-7.94,105.75,0,2.56,-1.81,0,05:21:52:917.832
4.31,46.37,0,-7.94,105.75,0,2.56,-1.81,0,05:21:53:30.196
4.31,46.37,0,-7.94,105.75,0,2.56,-1.81,0,05:21:53:109.853
4.31,46.37,0,-7.94,105.75,0,2.56,-1.81,0,05:21:53:226.723
4.31,46.37,0,-7.94,105.75,0,2.56,-1.81,0,05:21:53:303.997
4.31,46.37,0,-7.94,105.75,0,2.5,-1.81,0,05:21:53:423.402
4.31,46.37,0,-7.94,105.75,0,2.5,-1.81,0,05:21:53:511.621
4.31,46.37,0,-7.94,105.75,0,2.5,-1.81,0,05:21:53:640.189
4.31,46.37,0,-7.94,105.75,0,2.56,-1.75,0,05:21:53:708.953
4.31,46.37,0,-7.94,105.75,0,2.56,-1.75,0,05:21:53:824.026
4.31,46.37,0,-7.94,105.75,0,2.56,-1.75,0,05:21:53:909.257
4.31,46.37,0,-7.94,105.75,0,2.56,-1.75,0,05:21:54:15.712
4.31,46.37,0,-7.94,105.75,0,2.56,-1.75,0,05:21:54:109.565
4.31,46.37,0,-7.94,105.75,0,2.56,-1.75,0,05:21:54:212.566
4.31,46.37,0,-7.94,105.75,0,2.62,-1.75,0,05:21:54:336.249
4.31,46.37,0,-7.94,105.75,0,2.62,-1.75,0,05:21:54:464.957
4.31,46.37,0,-7.94,105.75,0,2.62,-1.75,0,05:21:54:567.66
4.31,46.37,0,-7.94,105.75,0,2.56,-1.75,0,05:21:54:659.873
4.31,46.37,0,-7.94,105.75,0,2.56,-1.75,0,05:21:54:786.334
4.31,46.37,0,-7.94,105.75,0,2.56,-1.75,0,05:21:54:859.991
4.31,46.37,0,-7.94,105.75,0,2.56,-1.75,0,05:21:54:974.245
4.31,46.37,0,-7.94,105.75,0,2.56,-1.75,0,05:21:55:69.171
4.31,46.37,0,-7.94,105.75,0,2.56,-1.75,0,05:21:55:181.795
4.31,46.37,0,-7.94,105.75,0,2.56,-1.75,0,05:21:55:281.795
4.31,46.37,0,-7.94,105.75,0,2.56,-1.75,0,05:21:55:377.076
4.31,46.37,0,-7.94,105.75,0,2.56,-1.75,0,05:21:55:467.042
4.31,46.37,0,-7.94,105.75,0,2.56,-1.75,0,05:21:55:597.797
4.31,46.37,0,-7.94,105.75,0,2.5,-1.75,0,05:21:55:725.969
4.31,46.37,0,-7.94,105.75,0,2.44,-1.75,0,05:21:55:812.464
4.31,46.37,0,-7.94,105.75,0,2.5,-1.75,0,05:21:55:911.38
4.31,46.37,0,,,,,,,
